  FECHA,PRECIP, TMAX, TMIN
01/11/1974, 1.2,23,14
02/11/1974, 0.2,31, 15.5
03/11/1974,0,33,13
04/11/1974,0,34,12
05/11/1974,1,28,12
06/11/1974, 1.2,27,13
07/11/1974, 0.6,27,8
08/11/1974, 0.5, 28.5,8
09/11/1974,0,29,6
10/11/1974,0,33,10
11/11/1974, 12.7,24,9
12/11/1974, 0.1,18,2
13/11/1974,0,26,3
14/11/1974,0,29,5
15/11/1974,0,30,4
16/11/1974,0, 32.5,7
17/11/1974,0,32,9
18/11/1974,0,33,9
19/11/1974,0,30,10
20/11/1974, 43.2,27,10
21/11/1974, 0.7,28,6
22/11/1974,0,29,7
23/11/1974,0,29,9
24/11/1974, 4.2,28,9
25/11/1974, 0.3,20,2
26/11/1974, 0.5,18,-2
27/11/1974, 0.3,26,-3
28/11/1974,0,28,0
29/11/1974,0,30,5
30/11/1974,0,28,4
01/01/1975, 3.5,25,5
02/01/1975,0,31,4
03/01/1975,0,30,4
04/01/1975,0,29,6
05/01/1975, 0.2,28,6
06/01/1975,0,27,5
07/01/1975,0,31,4
08/01/1975,0,32,8
09/01/1975, 0.5,28,8
10/01/1975, 0.3,27,6
11/01/1975,0,24,6
12/01/1975, 0.5,21, 0.5
13/01/1975, 5.3,25,2
14/01/1975,0,22,4
15/01/1975, 2.5,19,2
16/01/1975, 0.4,21,0
17/01/1975,0,25,2
18/01/1975, 0.2,22,4
19/01/1975, 10.5,24,3
20/01/1975, 6.5,22, 0.5
21/01/1975, 2.5,19,2
22/01/1975, 0.6,22,0
23/01/1975, 0.3,28,2
24/01/1975,0,31,3
25/01/1975,0,32,2
26/01/1975,0,31,6
27/01/1975, 0.5,30,8
28/01/1975,0,30,2
29/01/1975,0,32,8
30/01/1975,0,31,6
31/01/1975,0,32,8
01/02/1975,0,27,1
02/02/1975,0,28,2
03/02/1975,0,28,4
04/02/1975,0,31,4
05/02/1975,0,32,7
06/02/1975, 0.2,30,8
07/02/1975,0,32,7
08/02/1975,0,28,7
09/02/1975, 3.2,26,6
10/02/1975, 1.2,27,5
11/02/1975,0,26,7
12/02/1975, 0.2,31,5
13/02/1975, 0.2,30,6
14/02/1975,0,30,8
15/02/1975,0,31,6
16/02/1975,0,32,5
17/02/1975,0,30,7
18/02/1975, 0.2,31,6
19/02/1975, 0.5,27,7
20/02/1975,0,32,7
21/02/1975,0,28,8
22/02/1975, 7.2,31,4
23/02/1975, 1.3,26,7
24/02/1975,0,30,5
25/02/1975,0,30,7
26/02/1975,0,31,8
27/02/1975,0,31,8
28/02/1975,0,28,9
01/06/1975, 5.4,34,10
02/06/1975, 2.4,30,8
03/06/1975,1,29,9
04/06/1975, 2.3,34,10
05/06/1975,5,30,8
06/06/1975, 0.2,34,12
07/06/1975,2,32,10
08/06/1975, 1.4,30,9
09/06/1975, 4.3,32,10
10/06/1975, 10.8,30,12
11/06/1975, 0.4,30,9
12/06/1975, 1.2,34,12
13/06/1975, 5.2,36,12
14/06/1975,0,34,10
15/06/1975, 0.3,30,8
16/06/1975, 0.3,32,10
17/06/1975, 8.5,36,9
18/06/1975, 8.2,32,8
19/06/1975, 5.6,30,8
20/06/1975, 7.8,32,10
21/06/1975, 12.3,33,10
22/06/1975, 8.2,34,9
23/06/1975, 3.2,30,8
24/06/1975, 5.6,33,10
25/06/1975, 7.2,29,7
26/06/1975, 0.3,31,12
27/06/1975, 5.2,32,8
28/06/1975, 4.1,33,10
29/06/1975, 10.3,29,5
30/06/1975,0,29,8
01/07/1975, 7.2,30,8
02/07/1975, 4.7,29,7
03/07/1975, 3.2,31,6
04/07/1975, 4.5,32,9
05/07/1975, 1.2,30,7
06/07/1975, 1.3,29,5
07/07/1975, 5.2,32,7
08/07/1975, 3.1,32,8
09/07/1975, 4.7,31,9
10/07/1975,3,29,8
11/07/1975, 5.8,30,6
12/07/1975, 4.2,28,5
13/07/1975, 7.3,30,6
14/07/1975, 2.3,28,7
15/07/1975, 5.7,30,6
16/07/1975, 1.2,32,7
17/07/1975, 4.8,29,6
18/07/1975, 8.2,31,7
19/07/1975, 2.1,32,8
20/07/1975, 1.2,28,6
21/07/1975, 6.7,27,6
22/07/1975, 3.1,29,6
23/07/1975, 1.2,30,7
24/07/1975, 4.3,32,8
25/07/1975, 1.2,31,6
26/07/1975, 3.4,30,6
27/07/1975, 5.6,29,6
28/07/1975, 3.1,28,6
29/07/1975, 2.2,30,6
30/07/1975, 6.1,31,6
31/07/1975,0,28,7
01/08/1975,0,30,10
02/08/1975,0,28,8
03/08/1975,0,28,5
04/08/1975,3,26, 6.5
05/08/1975,7,27,6
06/08/1975,6,28,8
07/08/1975,5,26,9
08/08/1975,0,25,9
09/08/1975,0,25,8
10/08/1975,0, 26.5,10
11/08/1975,0,24,11
12/08/1975,5, 23.5,10
13/08/1975,1,24,9
14/08/1975,0,24,8
15/08/1975,0, 24.5, 8.5
16/08/1975, 9.5,26,8
17/08/1975,0, 24.5,9
18/08/1975,0,26,10
19/08/1975,0,26,8
20/08/1975,1,20, 6.5
21/08/1975,3,21, 6.5
22/08/1975,0,22,7
23/08/1975,0,19,9
24/08/1975,6,20,6
25/08/1975, 2.5,23,8
26/08/1975,6,21, 8.5
27/08/1975,8,20, 9.5
28/08/1975, 8.5,22, 7.5
29/08/1975,6,24,8
30/08/1975,4, 23.5,8
31/08/1975,17, 22.5,8
01/09/1975,5,23,8
02/09/1975,0,21,10
03/09/1975,0,20,11
04/09/1975,1,21,9
05/09/1975,4,24,8
06/09/1975,0, 23.5,8
07/09/1975,0,22,7
08/09/1975,3,20,10
09/09/1975,20,20,10
10/09/1975,27,19,9
11/09/1975,10, 20.5,9
12/09/1975,6,19, 8.5
13/09/1975,0, 21.5, 8.5
14/09/1975,0, 21.5,9
15/09/1975,3,23, 9.5
16/09/1975,0,24,10
17/09/1975,0, 24.5,9
18/09/1975,0,25,7
19/09/1975,0, 25.5,7
20/09/1975,3,26, 8.5
21/09/1975,3,25,6
22/09/1975,1,24,6
23/09/1975,0, 24.5,7
24/09/1975,0,20,5
25/09/1975,0, 23.5,5
26/09/1975,0,20,4
27/09/1975,0,21,1
28/09/1975,0,23,0
29/09/1975,0,22,1
30/09/1975,0,23,2
01/10/1975, 3.5,23,6
02/10/1975,7,22,6
03/10/1975,4, 22.5,7
04/10/1975,1,23,9
05/10/1975,0,21,8
06/10/1975,0,21, 6.5
07/10/1975,0,21,7
08/10/1975,0, 22.5,8
09/10/1975,1,20,6
10/10/1975,3, 22.5,6
11/10/1975,1,23,5
12/10/1975,2,20,7
13/10/1975,0,20,8
14/10/1975,6,21,6
15/10/1975,8,23,7
16/10/1975,0, 23.5, 6.5
17/10/1975,0,23,7
18/10/1975,0,19,7
19/10/1975,0,19,6
20/10/1975,0,21,4
21/10/1975,0, 20.5,-1.5
22/10/1975,0,21,-1
23/10/1975,0,20,-1
24/10/1975,0,24,3
25/10/1975,0, 26.5,5
26/10/1975,1,25,4
27/10/1975,0,25,4
28/10/1975,0, 23.5, 3.5
29/10/1975,0,22,6
30/10/1975,0,23,6
31/10/1975,0, 23.5,5
01/11/1975,0,25,10
02/11/1975,0,23,10
03/11/1975,0,23,8
04/11/1975,0,26,9
05/11/1975,0,23,8
06/11/1975,0,25,8
07/11/1975,3, 26.5,5
08/11/1975,1,27,6
09/11/1975,0,27,6
10/11/1975,0, 28.5,8
11/11/1975,0,26,7
12/11/1975,0,25,6
13/11/1975,0,24,5
14/11/1975,0,25,5
15/11/1975,0,23,6
16/11/1975,5,26,4
17/11/1975,0,24,5
18/11/1975,0,21,6
19/11/1975,0,21,5
20/11/1975,0,20,4
21/11/1975,0,19,0
22/11/1975,0,20,0
23/11/1975,2,18,-1.5
24/11/1975,0,20,-1
25/11/1975,0,21,3
26/11/1975,0,20,4
27/11/1975,0,21,3
28/11/1975,0,23,5
29/11/1975,0,23,8
30/11/1975,0, 22.5,6
01/12/1975,0, 17.5,3
02/12/1975,0, 18.5,2
03/12/1975,0,17, 3.5
04/12/1975,0,19,-1
05/12/1975,0,20,2
06/12/1975,0,15,3
07/12/1975,0,17,1
08/12/1975,0, 20.5,2
09/12/1975,0, 17.5,3
10/12/1975,0,19,-1
11/12/1975,0, 20.5,-2
12/12/1975,0,20,-1
13/12/1975,0,20,0
14/12/1975,0,21,-3
15/12/1975,0,20,-1
16/12/1975,0, 16.5,2
17/12/1975,0,18,2
18/12/1975,0, 10.5,3
19/12/1975,0, 13.5,3
20/12/1975,0,13,4
21/12/1975,0, 19.5,4
22/12/1975,0,23,5
23/12/1975,0,24,3
24/12/1975,0,23,4
25/12/1975,0,22,3
26/12/1975,0,21,1
27/12/1975,0,23,-3
28/12/1975,0, 22.5,0
29/12/1975,0,20,-2
30/12/1975,0,21,-1
31/12/1975,0,20,0
01/01/1976,0,29,6
02/01/1976,0,26,4
03/01/1976,0, 16.1,6
04/01/1976,0,24,3
05/01/1976,0,20,6
06/01/1976,0,24,6
07/01/1976,0,24,7
08/01/1976,0,20,7
09/01/1976,0,28,4
10/01/1976,0,20,6
11/01/1976,0,24,8
12/01/1976,0,28,10
13/01/1976,0,24,8
14/01/1976, 3.5,22,9
15/01/1976,0,26,5
16/01/1976,0,26,5
17/01/1976,0,20,3
18/01/1976,0,19,2
19/01/1976,0,19,3
20/01/1976,0,21,1
21/01/1976,0,24,5
22/01/1976, 1.5,20,2
23/01/1976,0,24,2
24/01/1976,0,22,12
25/01/1976,1,22,8
26/01/1976,0,21,8
27/01/1976,0,19,1
28/01/1976,1,28, 0.1
29/01/1976,0,20,6
30/01/1976,0,29,10
31/01/1976,0,21,8
01/02/1976,0,25,7
02/02/1976,0,26, 1.5
03/02/1976, 0.5,30,5
04/02/1976,0,30,8
05/02/1976, 0.3,29,10
06/02/1976, 5.2,28,6
07/02/1976, 2.3,26,5
08/02/1976, 0.5,28,5
09/02/1976, 0.2,28,6
10/02/1976,0,26,5
11/02/1976,0,26,6
12/02/1976,0,28,5
13/02/1976,0,28,6
14/02/1976,0,30,7
15/02/1976,0,28,8
16/02/1976,0,30,7
17/02/1976,0,26,8
18/02/1976, 0.1,25,6
19/02/1976,0,24,8
20/02/1976, 0.2,22,6
21/02/1976, 2.6,23,5
22/02/1976, 0.2,14,1
23/02/1976, 0.2,18,-2
24/02/1976,0,17,-2
25/02/1976,0,20,-1
26/02/1976, 0.3,18,0
27/02/1976,0,21,1
28/02/1976,0,22, 1.5
29/02/1976,0,23,0
01/03/1976,0,23,6
02/03/1976,0,28,8
03/03/1976,0,30,8
04/03/1976,0,30,6
05/03/1976,0,28,9
06/03/1976, 0.4,32,6
07/03/1976,0,30,10
08/03/1976,0,30,12
09/03/1976, 0.4,34,13
10/03/1976,0,32,12
11/03/1976, 0.3,32,12
12/03/1976,0,30,13
13/03/1976,0,30,10
14/03/1976,0,32,12
15/03/1976,0,30,10
16/03/1976,0,32,9
17/03/1976,0,34,10
18/03/1976,0,32,10
19/03/1976,0,30,10
20/03/1976, 0.3,33,12
21/03/1976,0,32,8
22/03/1976, 0.3,31,7
23/03/1976, 0.5,31,8
24/03/1976, 0.3,34,10
25/03/1976, 0.4,33,8
26/03/1976,0,34,8
27/03/1976, 0.5,32,9
28/03/1976,0,34,7
29/03/1976, 0.4,34,7
30/03/1976,0,33,8
31/03/1976,0,30,7
01/04/1976, 5.2,32,9
02/04/1976, 3.5,34,7
03/04/1976, 0.3,30,9
04/04/1976, 8.5,32,6
05/04/1976,0,30,7
06/04/1976,0,34,8
07/04/1976, 0.2,32,9
08/04/1976,0,30,8
09/04/1976, 0.3,30,7
10/04/1976,0,31,8
11/04/1976,0,30,7
12/04/1976,0,34,6
13/04/1976, 0.4,33,9
14/04/1976, 0.2,30,7
15/04/1976,0,32,6
16/04/1976,0,34,8
17/04/1976, 0.8,32,8
18/04/1976, 5.7,32,7
19/04/1976,0,35,8
20/04/1976,0,30,9
21/04/1976,0,32,6
22/04/1976, 0.3,30,7
23/04/1976, 4.3,30,8
24/04/1976, 4.1,32,9
25/04/1976, 6.2,33,7
26/04/1976,0,32,7
27/04/1976, 3.2,32,8
28/04/1976, 8.3,30,7
29/04/1976, 4.3,32,6
30/04/1976, 0.2,34,7
01/05/1976, 2.4,30,8
02/05/1976,0,30,6
03/05/1976, 0.3,32,6
04/05/1976, 4.2,34,7
05/05/1976, 0.3,32,8
06/05/1976, 8.3,30,7
07/05/1976,0,34,6
08/05/1976, 0.3,32,9
09/05/1976,0,33,8
10/05/1976, 0.3,34,8
11/05/1976, 0.6,35,9
12/05/1976,0,34,9
13/05/1976, 2.3,32,8
14/05/1976, 5.2,30,7
15/05/1976,0,30,8
16/05/1976,0,32,8
17/05/1976,0,30,6
18/05/1976, 0.4,28,6
19/05/1976, 2.3,30,5
20/05/1976, 0.2,32,6
21/05/1976,0,34,7
22/05/1976,0,32,8
23/05/1976,0,34,7
24/05/1976, 0.4,35,8
25/05/1976,0,30,10
26/05/1976,0,32,10
27/05/1976,0,35,9
28/05/1976,0,33,9
29/05/1976,0,34,9
30/05/1976,0,30,9
31/05/1976,0,32,9
01/06/1976,0,30,10
02/06/1976, 5.4,29,8
03/06/1976,1,28,9
04/06/1976,0,31,10
05/06/1976, 4.5,30,11
06/06/1976, 0.3,31,9
07/06/1976, 0.8,29,11
08/06/1976,0,30, 9.5
09/06/1976, 3.2, 30.5, 10.5
10/06/1976, 5.2,31,11
11/06/1976, 0.2, 29.5, 11.5
12/06/1976,0,29,11
13/06/1976, 2.5,31, 11.5
14/06/1976,0,32,11
15/06/1976,0,29,12
16/06/1976, 0.2,32, 9.5
17/06/1976, 5.8,33,12
18/06/1976,0,31,11
19/06/1976,0,28, 12.5
20/06/1976, 8.7, 27.5,10
21/06/1976, 10.6,33,12
22/06/1976,0,30,9
23/06/1976,3,29, 9.5
24/06/1976,0,28,10
25/06/1976,0,29, 10.5
26/06/1976,0,30,12
27/06/1976,0, 31.5,9
28/06/1976,4,30, 10.5
29/06/1976, 3.5,29,9
30/06/1976,0,29,8
01/07/1976, 7.2,28,11
02/07/1976, 5.5,29,9
03/07/1976, 2.5,30,8
04/07/1976,0,31,10
05/07/1976, 2.1,30,9
06/07/1976,0,29,8
07/07/1976,0,31, 8.5
08/07/1976,0,30,8
09/07/1976, 4.3,31, 9.5
10/07/1976, 1.5,29,10
11/07/1976, 8.2,30,7
12/07/1976,0,28,8
13/07/1976, 4.6,30,9
14/07/1976, 1.2,29,11
15/07/1976, 0.5,32,8
16/07/1976,0,31, 11.5
17/07/1976,0, 28.5, 9.5
18/07/1976,0,30,10
19/07/1976,0,28,9
20/07/1976, 4.8,28,7
21/07/1976, 3.6,27, 7.5
22/07/1976,0,28,7
23/07/1976, 2.2, 29.5,8
24/07/1976,0,30, 9.5
25/07/1976, 0.8, 30.5,9
26/07/1976, 4.2,28,7
27/07/1976, 6.1,29, 7.5
28/07/1976,0,28,6
29/07/1976,0, 29.5,7
30/07/1976,0,30,9
31/07/1976,0,27,10
01/08/1976,0,28,11
02/08/1976,0,29,9
03/08/1976,0,28,8
04/08/1976,0, 26.5, 8.5
05/08/1976,0,28,7
06/08/1976, 2.5,27, 7.5
07/08/1976, 0.7, 26.5,8
08/08/1976,0, 25.5,9
09/08/1976,0,26, 8.5
10/08/1976,0,25, 10.5
11/08/1976,0, 24.5,10
12/08/1976,7,24, 10.5
13/08/1976, 2.3, 24.5, 9.5
14/08/1976,0,25,9
15/08/1976,0,24, 9.5
16/08/1976, 4.8, 26.5,9
17/08/1976, 3.7,25, 9.5
18/08/1976,0, 25.5, 10.5
19/08/1976,0, 24.5, 8.5
20/08/1976,0,23,7
21/08/1976,0, 22.5, 6.5
22/08/1976, 1.4,22,6
23/08/1976, 0.7,23, 7.5
24/08/1976,0,23,7
25/08/1976,5, 23.5, 7.5
26/08/1976,0,22,8
27/08/1976,0, 22.5,9
28/08/1976, 8.1,22, 8.5
29/08/1976, 7.7, 23.5, 8.5
30/08/1976, 3.9,24,7
31/08/1976, 10.4,23, 7.5
01/09/1976, 3.8, 22.5, 7.5
02/09/1976,0,23, 9.5
03/09/1976,0, 23.5,10
04/09/1976,0,22, 8.5
05/09/1976,0, 22.5,8
06/09/1976,0,24, 8.5
07/09/1976, 7.2, 21.5, 9.5
08/09/1976, 13.6,19,10
09/09/1976, 19.2,20,11
10/09/1976,5,18,9
11/09/1976,0, 23.5,8
12/09/1976,0, 19.5,7
13/09/1976,0,22,8
14/09/1976,0, 21.5,9
15/09/1976, 8.3,23, 9.5
16/09/1976,0, 24.5, 10.5
17/09/1976,0,24, 9.5
18/09/1976,0,26, 8.5
19/09/1976,0,25,8
20/09/1976,1, 26.5,7
21/09/1976, 3.9,23, 7.5
22/09/1976,0, 24.5, 6.5
23/09/1976,0,23,7
24/09/1976,0, 22.5, 6.5
25/09/1976,0,22,6
26/09/1976,0,21, 6.5
27/09/1976,0, 21.5,5
28/09/1976,0,22, 5.5
29/09/1976,0,21,4
30/09/1976,62,22, 4.5
07/10/1976, 22.5,24,6
08/10/1976, 9.4,20,4
09/10/1976, 0.2,22,2
10/10/1976,0,26,5
11/10/1976,0,28,7
12/10/1976,0,26,7
13/10/1976, 0.4,26,6
14/10/1976,0,30,7
15/10/1976, 16.7,29,9
16/10/1976, 12.9,26,10
17/10/1976,0,28,6
18/10/1976, 0.2,30,7
19/10/1976, 8.7,26,9
20/10/1976, 0.2,22,6
21/10/1976, 17.9,30,4
22/10/1976, 0.2,26,7
23/10/1976, 0.3,28,6
24/10/1976, 8.6,30,7
25/10/1976, 6.3,34,7
26/10/1976, 3.5,32,6
27/10/1976, 0.3,34,7
28/10/1976,0,30,8
29/10/1976, 0.4,32,7
30/10/1976,0,30,7
31/10/1976, 0.3,28,7
01/11/1976, 0.3,26,6
02/11/1976, 0.5,24,5
03/11/1976, 0.4,26,6
04/11/1976,0,24,6
05/11/1976,0,28,5
06/11/1976, 0.3,24,6
07/11/1976, 0.5,23,4
08/11/1976, 4.3,24,2
09/11/1976, 0.1,28,4
10/11/1976,0,30,7
11/11/1976,0,30,8
12/11/1976, 0.2,28,7
13/11/1976,0,28,6
14/11/1976,0,32,8
15/11/1976, 0.3,28,9
16/11/1976,0,26,8
17/11/1976, 0.5,24,6
18/11/1976, 0.6,32,5
19/11/1976, 0.2,30,7
20/11/1976,0,32,7
21/11/1976, 0.4,24,6
22/11/1976, 0.6,28,4
23/11/1976,0,28,5
24/11/1976,0,26,6
25/11/1976,0,30,7
26/11/1976,0,32,8
27/11/1976,0,28,8
28/11/1976, 0.3,26,8
29/11/1976, 0.5,26,5
30/11/1976, 0.2,28,3
01/12/1976, 0.2,20,6
02/12/1976, 0.2,17,3
03/12/1976,0,28,0
04/12/1976,0,25,5
05/12/1976,0,26,8
06/12/1976,0,25,9
07/12/1976,0,23,7
08/12/1976,0,25,3
09/12/1976,0,28,6
10/12/1976,0,29,9
11/12/1976,0,30,5
12/12/1976,0,27,7
13/12/1976,0,28,8
14/12/1976,0,30,8
15/12/1976,0,26,7
16/12/1976,0,24,4
17/12/1976,0,22,2
18/12/1976,0,24,6
19/12/1976,0,26,7
20/12/1976,0,28,8
21/12/1976,0,26,8
22/12/1976,0,28,8
23/12/1976,0,28,9
24/12/1976,0,30,8
25/12/1976, 0.3,24,9
26/12/1976,0,26,5
27/12/1976,0,28,7
28/12/1976,0,28,9
29/12/1976,0,30,7
30/12/1976,0,31,10
31/12/1976,0,30,8
01/01/1977,0,28,7
02/01/1977,0,20,7
03/01/1977,0,22,7
04/01/1977,0,24,1
05/01/1977,0,26,4
06/01/1977,0,24,5
07/01/1977,0,26,4
08/01/1977,0,28,6
09/01/1977, 0.2,26,8
10/01/1977,0,28,6
11/01/1977,0,24,7
12/01/1977,0,28,2
13/01/1977,0,24,4
14/01/1977, 8.3,28,2
15/01/1977, 0.3,26,3
16/01/1977,0,24,6
17/01/1977,0,20,4
18/01/1977, 0.2,24,2
19/01/1977,0,26,2
20/01/1977,0,20,4
21/01/1977,0,22,6
22/01/1977,0,20,7
23/01/1977,0,22,2
24/01/1977,0,26,2
25/01/1977,0,20,6
26/01/1977,0,22,6
27/01/1977,0,24,2
28/01/1977,0,20,1
29/01/1977,0,24,6
30/01/1977, 0.2,28,2
31/01/1977,0,20,2
01/02/1977,0,22,7
02/02/1977,0,26,8
03/02/1977,0,22,10
04/02/1977,0,28,9
05/02/1977, 0.4,30,6
06/02/1977,0,32,8
07/02/1977,0,26,9
08/02/1977, 4.3,26,5
09/02/1977,0,30,7
10/02/1977,0,24,8
11/02/1977,0,26,10
12/02/1977, 0.2,26,12
13/02/1977,0,24,2
14/02/1977,0,26,1
15/02/1977, 0.4,24,3
16/02/1977, 0.2,22,1
17/02/1977,0,25,0
18/02/1977,0,26,4
19/02/1977,0,28,7
20/02/1977,0,32,8
21/02/1977,0,26,10
22/02/1977,0,25,10
23/02/1977,0,26,13
24/02/1977,0,27,12
25/02/1977,0,28,12
26/02/1977, 0.2,22,10
27/02/1977,0,28,10
28/02/1977,0,30,9
01/03/1977,0,26,9
02/03/1977,0,28,10
03/03/1977,0,32,10
04/03/1977,0,30,10
05/03/1977,0,28,9
06/03/1977,0,25,8
07/03/1977,0,24,3
08/03/1977,0,28,2
09/03/1977,0,30,6
10/03/1977,0,28,8
11/03/1977,0,32,6
12/03/1977,0,34,9
13/03/1977,0,30,10
14/03/1977,0,30,10
15/03/1977,0,34,12
16/03/1977,0,31,11
17/03/1977,0,30,10
18/03/1977,0,34,11
19/03/1977,0,35,10
20/03/1977,0,27,10
21/03/1977, 0.4,30,9
22/03/1977, 0.2,28,8
23/03/1977,0,30,5
24/03/1977,0,34,7
25/03/1977,0,34,10
26/03/1977, 0.4,32,12
27/03/1977,0,30,10
28/03/1977,0,30,8
29/03/1977,0,28,10
30/03/1977,0,35,10
31/03/1977,0,35,10
01/04/1977,0,37,13
02/04/1977,0,35,7
03/04/1977,0,36,15
04/04/1977,0,30,14
05/04/1977,0,28,10
06/04/1977,0,26,9
07/04/1977,0,30,4
08/04/1977, 0.2,28,10
09/04/1977,0,30,8
10/04/1977,0,32,9
11/04/1977,0,30,10
12/04/1977, 0.4,32,9
13/04/1977, 0.8,32,10
14/04/1977,0,30,9
15/04/1977,0,36,10
16/04/1977,0,37,10
17/04/1977,0,34,14
18/04/1977,0,32,12
19/04/1977, 0.2,30,10
20/04/1977, 10.2,28,7
21/04/1977, 0.3,26,6
22/04/1977, 0.4,28,6
23/04/1977,0,30,8
24/04/1977,0,32,10
25/04/1977,0,36,10
26/04/1977, 0.2,34,12
27/04/1977,0,35,12
28/04/1977,0,32,12
29/04/1977,0,32,10
30/04/1977, 0.5,34,10
01/05/1977,0,35,12
02/05/1977,0,36,14
03/05/1977,0,38,16
04/05/1977,0,36,16
05/05/1977,0,35,14
06/05/1977,0,34,12
07/05/1977,0,36,16
08/05/1977,0,37,12
09/05/1977,0,36,14
10/05/1977, 6.2,34,12
11/05/1977, 7.4,35,10
12/05/1977, 8.7,31,10
13/05/1977, 1.4,34,12
14/05/1977,0,35,10
15/05/1977,0,36,11
16/05/1977,0,35,12
17/05/1977,0,35,11
18/05/1977,0,36,10
19/05/1977,0,37,12
20/05/1977,0,38,10
21/05/1977,0,36,13
22/05/1977, 1.9,35,14
23/05/1977,0,33,9
24/05/1977,0,34,10
25/05/1977,0,34,12
26/05/1977,0,35,10
27/05/1977,0,35,10
28/05/1977,0,34,10
29/05/1977,0,36,10
30/05/1977,0,30,10
31/05/1977, 1.1,31,10
01/06/1977,0,33,11
02/06/1977,0,33,10
03/06/1977,0,34,10
04/06/1977,0,33,10
05/06/1977,0,34,9
06/06/1977, 4.1,31,8
07/06/1977, 6.5,33,8
08/06/1977,0,34,7
09/06/1977, 5.4,34,6
10/06/1977,0,30,7
11/06/1977,0,32,8
12/06/1977, 6.3,34,9
13/06/1977, 10.5,35,10
14/06/1977, 15.7,36,11
15/06/1977, 4.1,32,10
16/06/1977, 2.3,32,9
17/06/1977, 22.1,32,8
18/06/1977, 4.1,33,9
19/06/1977, 6.3,34,12
20/06/1977, 5.8,32,10
21/06/1977, 16.5,30,9
22/06/1977,25,30,12
23/06/1977,60,31,10
24/06/1977, 0.3,32,10
25/06/1977,0,33,11
26/06/1977,0,32,10
27/06/1977,0,35,10
28/06/1977,0,31,12
29/06/1977,0,30,11
03/07/1977,16,24,7
04/07/1977,28,25,8
05/07/1977,35,24,7
06/07/1977, 5.3,25,4
07/07/1977,3,25,8
08/07/1977, 4.5,24,7
09/07/1977,0,22,5
10/07/1977, 5.4,23,4
11/07/1977, 0.9,23,5
12/07/1977, 4.1,29,4
13/07/1977, 6.4,22,4
14/07/1977, 7.5,20,6
15/07/1977, 9.5,22,5
16/07/1977, 6.2,22,5
17/07/1977, 3.5,22,6
18/07/1977,0,23,5
19/07/1977,0,23,5
20/07/1977, 5.7,23,6
21/07/1977, 4.7,22,6
22/07/1977, 6.5,22,6
23/07/1977, 8.3,22,7
24/07/1977, 10.5,23,7
25/07/1977,0,23,6
26/07/1977, 1.9,22,5
27/07/1977, 0.2,21,5
28/07/1977, 0.4,23,5
29/07/1977,0,26,4
30/07/1977,0,21,6
31/07/1977,0,23,6
01/08/1977,0,21,5
02/08/1977,0,29,4
03/08/1977,0,21,5
04/08/1977,0,22,6
05/08/1977, 10.8,29,5
06/08/1977, 12.5,21,4
07/08/1977, 13.2,20,3
08/08/1977, 7.4,21,4
09/08/1977, 5.7,20,4
10/08/1977, 6.2,20,5
11/08/1977,10,21,8
12/08/1977, 6.6,21,3
13/08/1977, 4.2,22,5
14/08/1977, 3.9,22,6
15/08/1977, 0.2,21,7
16/08/1977, 1.2,21,4
17/08/1977,0,23,3
18/08/1977,0,30,6
19/08/1977,0,22,5
20/08/1977, 0.2,23,4
21/08/1977,0,23,5
22/08/1977,0,24,6
23/08/1977,0,21,4
24/08/1977,0,23,5
25/08/1977,0,24,5
26/08/1977,0,22,3
27/08/1977,0,22,5
28/08/1977, 6.6,24,4
29/08/1977, 4.6,23,3
30/08/1977, 0.2,24,5
31/08/1977, 0.3,22,3
01/09/1977,0,31,10
02/09/1977, 35.7,31,11
03/09/1977, 7.4,22,10
04/09/1977,0,24,10
05/09/1977,0,23,10
06/09/1977,0,22,10
07/09/1977,0,20,11
08/09/1977, 17.6,22,12
09/09/1977, 3.7,30,10
10/09/1977,0,21,10
11/09/1977,0,23,8
12/09/1977,0,23,9
13/09/1977,0,24,8
14/09/1977,0,23,7
15/09/1977, 5.7,23,10
16/09/1977, 10.6,22,11
17/09/1977, 4.7,21,10
18/09/1977, 0.2,24,10
19/09/1977,0,22,11
20/09/1977, 5.6,31,8
21/09/1977, 0.2,22,8
22/09/1977, 0.4,23,9
23/09/1977, 0.2,24,9
24/09/1977,0,22,10
25/09/1977,0,21,10
26/09/1977,0,23,9
27/09/1977, 12.3,29,10
28/09/1977, 0.3,23,11
29/09/1977,0,24,10
30/09/1977, 0.3,29,11
01/10/1977,4,28,8
02/10/1977,2,29,6
03/10/1977,17,27,8
04/10/1977,5,30,6
05/10/1977, 1.4,31,10
06/10/1977,0,30,11
07/10/1977, 4.3,31,7
08/10/1977,0,32,10
09/10/1977,0,31,11
10/10/1977,0,31,12
11/10/1977,4,31,12
12/10/1977, 0.5,24,7
13/10/1977, 0.1,25,6
14/10/1977, 0.2,26,5
15/10/1977, 0.2,25,4
16/10/1977,0,23,6
17/10/1977,0,26,7
18/10/1977,0,27,8
19/10/1977,0,28,5
20/10/1977,0,30,8
21/10/1977,0,31,8
22/10/1977,0,29,8
23/10/1977, 0.2,26,7
24/10/1977, 0.2,28,8
25/10/1977, 17.4,26,9
26/10/1977, 3.2,28,10
27/10/1977,0,30,11
28/10/1977,0,32,12
29/10/1977,0,32,10
30/10/1977,0,30,10
31/10/1977,0,32,8
01/11/1977,12,33,10
02/11/1977, 0.2,30,9
03/11/1977,0,33,8
04/11/1977,0,31,8
05/11/1977,0,31,8
06/11/1977,0,30,6
07/11/1977,0,30,6
08/11/1977,0,32,6
09/11/1977, 7.4,29,10
10/11/1977, 3.7,26,8
11/11/1977,3,24,9
12/11/1977, 0.4,23,12
13/11/1977,0,23,12
14/11/1977,0,22,5
15/11/1977,0,30,8
16/11/1977,0,30,7
17/11/1977,0,31,8
18/11/1977,0,33,9
19/11/1977,0,31,7
20/11/1977,0,33,8
21/11/1977,1,30,8
22/11/1977,3,30,9
23/11/1977,0,31,8
24/11/1977,0,32,8
25/11/1977,0,31,7
26/11/1977,0,31,7
27/11/1977,0,33,6
28/11/1977,0,31,5
29/11/1977,0,33,10
30/11/1977,0,32,6
01/12/1977,0,23,8
02/12/1977,0,23,7
03/12/1977,0,20,6
04/12/1977,0,29,8
05/12/1977,0,28,9
06/12/1977,10,25,10
07/12/1977,3,27,10
08/12/1977,4,22,7
09/12/1977,5,29,9
10/12/1977,0,30,8
11/12/1977,0,22,7
12/12/1977,0,29,8
13/12/1977,0,21,8
14/12/1977,0,29,8
15/12/1977,0,21,7
16/12/1977,0,23,7
17/12/1977,0,23,6
18/12/1977,0,23,6
19/12/1977,0,25,7
20/12/1977,0,26,6
21/12/1977,0,24,12
22/12/1977,0,28,13
23/12/1977,0,21,7
24/12/1977,0,22,8
25/12/1977,0,22,7
26/12/1977,0,23,8
27/12/1977,0,22,6
28/12/1977,0,21,7
29/12/1977,0,22,7
30/12/1977,0,24,7
31/12/1977,0,22,6
01/01/1978,0,28,8
02/01/1978,0,25,8
03/01/1978,0,24,10
04/01/1978,0,25,6
05/01/1978,0,21,3
06/01/1978,0,23,6
07/01/1978,0,22,7
08/01/1978,0,17,9
09/01/1978,3,21,2
10/01/1978,0,25,1
11/01/1978,0,26, 1.5
12/01/1978,0,26,0
13/01/1978,0,23,7
14/01/1978,0,24,3
15/01/1978,0,23,1
16/01/1978,0,24, 1.5
17/01/1978,0,26,1
18/01/1978,0,24,7
19/01/1978,0,22,4
20/01/1978,0,23,6
21/01/1978,0,28,5
22/01/1978,0,23,7
23/01/1978,0,25,5
24/01/1978,0,28,8
25/01/1978,0,23,6
26/01/1978,0,26,2
27/01/1978,0,29,6
28/01/1978,0,25,4
29/01/1978,0,24,5
30/01/1978,0,25,6
31/01/1978,0,26,3
01/02/1978,0,29,5
02/02/1978, 0.3,22,6
03/02/1978, 0.2,25,2
04/02/1978, 3.2,22,3
05/02/1978, 7.5,23,2
06/02/1978,0,25,3
07/02/1978, 8.5,30,4
08/02/1978,0,28,3
09/02/1978,0,30,5
10/02/1978,0,30,7
11/02/1978,0,21,4
12/02/1978,0,30,8
13/02/1978,0,26,7
14/02/1978,0,25,6
15/02/1978,0,30,5
16/02/1978,0,24,10
17/02/1978,0,23,7
18/02/1978,0,21,5
19/02/1978,0,25,5
20/02/1978,0,20,3
21/02/1978,0,15,2
22/02/1978, 5.4,26, 0.2
23/02/1978, 1.8,23,2
24/02/1978,0,28,5
25/02/1978,0,30,7
26/02/1978,0,30,8
27/02/1978,0,24,8
28/02/1978,0,25,7
01/03/1978, 0.2,30,10
02/03/1978,0,24,11
03/03/1978,0,30,8
04/03/1978,0,24,6
05/03/1978,0,28,8
06/03/1978, 0.2,14,10
07/03/1978,0,12,2
08/03/1978,0,28,2
09/03/1978,0,32,2
10/03/1978,0,30,6
11/03/1978,0,30,8
12/03/1978,0,26,9
13/03/1978,0,27,0
14/03/1978,0,27,0
15/03/1978,0,27,0
16/03/1978, 5.3,19,4
17/03/1978,0,0,0
02/04/1978,0,35,14
03/04/1978,0,30,16
04/04/1978,0,36,16
05/04/1978,0,35,14
06/04/1978,0,34,12
07/04/1978,0,36,10
08/04/1978,0,37,12
09/04/1978,0,36,14
10/04/1978, 0.6,34,12
11/04/1978, 7.4,35,10
12/04/1978, 0.7,31,10
13/04/1978,0,34,12
14/04/1978,0,35,10
15/04/1978,0,36,11
16/04/1978,0,35,12
17/04/1978,0,35,11
18/04/1978,0,36,10
19/04/1978,0,35,12
20/04/1978,0,38,8
21/04/1978,0,38,13
22/04/1978,0,35,15
23/04/1978,0,33,9
24/04/1978,0,34,10
25/04/1978,0,31,12
26/04/1978,0,36,9
27/04/1978,0,38,8
28/04/1978,0,38,10
29/04/1978,0,39,10
30/04/1978,0,31,10
01/05/1978,0,32,13
02/05/1978,0,35,9
03/05/1978,0,35,10
04/05/1978,0,35,10
05/05/1978,0,33,12
06/05/1978,0,33,10
07/05/1978,0,35,9
08/05/1978,0,36,10
09/05/1978,0,36,12
10/05/1978,0,35,12
11/05/1978,0,36,10
12/05/1978,0,37,12
13/05/1978,0,35,12
14/05/1978,0,38,11
15/05/1978,0,37,13
16/05/1978,0,33,12
17/05/1978,0,34,8
18/05/1978,0,35,9
19/05/1978,0,35,10
20/05/1978,0,35,10
21/05/1978, 7.2,37,10
22/05/1978,0,36,12
23/05/1978,0,35,10
24/05/1978,0,33,9
25/05/1978,0,34,8
26/05/1978,0,32,9
27/05/1978,0,34,8
28/05/1978,0,31,10
29/05/1978, 2.3,31,9
30/05/1978, 13.4,32,8
31/05/1978, 16.7,27,7
01/06/1978, 13.9,29,7
02/06/1978, 5.3,30,9
03/06/1978, 5.4,31,10
04/06/1978, 10.5,32,9
05/06/1978, 0.3,30,10
06/06/1978, 8.2,30,10
07/06/1978, 4.7,31,11
08/06/1978, 13.8,31,11
09/06/1978, 17.4,32,8
10/06/1978, 0.2,31,9
11/06/1978,0,30,8
12/06/1978, 8.9,26,7
13/06/1978, 4.3,25,9
14/06/1978, 1.4,33,9
15/06/1978,0,27,10
16/06/1978, 6.7,24,9
17/06/1978, 4.3,24,9
18/06/1978, 8.5,26,10
19/06/1978, 14.1,28,9
20/06/1978, 9.7,27,11
21/06/1978,0,24,9
22/06/1978,0,30,10
23/06/1978,0,30,9
24/06/1978,0,31,10
25/06/1978, 4.2,27,12
26/06/1978,0,24,10
27/06/1978, 3.3,32,9
28/06/1978, 5.4,34,9
29/06/1978, 3.7,30,10
30/06/1978,0,30,8
01/07/1978, 13.9,29,7
02/07/1978, 5.3,30,9
03/07/1978, 5.4,31,10
04/07/1978, 10.9,32,9
05/07/1978, 0.3,30,9
06/07/1978, 8.2,30,10
07/07/1978, 4.7,30,11
08/07/1978, 13.8,31,11
09/07/1978, 17.4,32,8
10/07/1978, 0.2,31,9
11/07/1978,0,30,8
12/07/1978, 8.9,31,7
13/07/1978, 4.3,32,9
14/07/1978, 1.4,30,9
15/07/1978,0,31,10
16/07/1978, 6.7,32,9
17/07/1978, 4.3,30,9
18/07/1978, 8.5,32,10
19/07/1978,14,31,9
20/07/1978, 9.7,31,8
21/07/1978, 7.4,27,9
22/07/1978, 10.4,29,10
23/07/1978, 4.3,28,9
24/07/1978,0,30,10
25/07/1978, 4.2,32,11
26/07/1978,0,32,10
27/07/1978, 3.3,31,9
28/07/1978, 5.4,30,9
29/07/1978, 3.7,32,10
30/07/1978,0,30,8
31/07/1978,0,30,9
01/08/1978, 0.8,31,10
02/08/1978, 8.3,31,8
03/08/1978, 25.1,29,8
04/08/1978,5,30,7
05/08/1978, 4.3,31,8
06/08/1978, 0.4,32,8
07/08/1978,0,29,9
08/08/1978,0,24,8
09/08/1978,0,30,10
10/08/1978,0,24,9
11/08/1978,0,31,10
12/08/1978, 14.7,24,8
13/08/1978, 12.8,25,10
14/08/1978, 8.2,23,11
15/08/1978, 0.2,31,10
16/08/1978,0,32,8
17/08/1978,0,24,9
18/08/1978,0,24,10
19/08/1978,0,29,10
20/08/1978,0,31,7
21/08/1978,0,32,8
22/08/1978,0,30,9
23/08/1978,0,24,7
24/08/1978,0,24,9
25/08/1978,0,22,9
26/08/1978,0,24,9
27/08/1978,0,25,10
28/08/1978,0,22,10
29/08/1978,0,31,8
30/08/1978, 14.8,30,8
31/08/1978, 8.6,30,7
01/09/1978, 5.4,23,10
02/09/1978, 3.2,24,9
03/09/1978, 4.5,22,9
04/09/1978, 6.2,20,8
05/09/1978,2,22,7
06/09/1978, 1.4,21,8
07/09/1978,0,22,8
08/09/1978,0,20,8
09/09/1978,0,21,7
10/09/1978,0,24,8
11/09/1978,0,24,9
12/09/1978,0,24,8
13/09/1978,0,23,10
14/09/1978,0,24,9
15/09/1978, 4.3,25,10
16/09/1978,0,24,11
17/09/1978,0,21,10
18/09/1978,0,20,9
19/09/1978, 7.4,21,8
20/09/1978, 8.3,20,8
21/09/1978, 12.5,29,7
22/09/1978, 6.3,20,6
23/09/1978, 8.3,21,7
24/09/1978, 7.2,21,8
25/09/1978, 3.2,22,8
26/09/1978, 2.2,20,9
27/09/1978, 3.4,20,8
28/09/1978, 7.3,29,7
29/09/1978, 4.1,21,7
30/09/1978, 3.2,22,8
01/10/1978, 2.3,21,9
02/10/1978, 0.3,22,8
03/10/1978, 5.2,21,9
04/10/1978, 7.1,22,8
05/10/1978, 3.2,20,9
06/10/1978, 2.3,22,8
07/10/1978, 10.4,20,9
08/10/1978, 7.3,21,8
09/10/1978, 4.1,22,8
10/10/1978,0,21,9
11/10/1978,0,23,9
12/10/1978, 5.3,22,10
13/10/1978, 6.3,20,9
14/10/1978, 10.4,28,8
15/10/1978, 9.7,27,7
16/10/1978, 6.2,26,7
17/10/1978, 2.3,28,6
18/10/1978, 4.1,21,7
19/10/1978, 2.5,21,8
20/10/1978, 0.2,24,8
21/10/1978,0,22,9
22/10/1978,0,23,8
23/10/1978,0,23,9
24/10/1978,0,22,9
25/10/1978,0,21,9
26/10/1978,0,20,8
27/10/1978,0,21,8
28/10/1978,0,24,9
29/10/1978, 0.4,21,10
30/10/1978, 3.1,22,8
31/10/1978, 4.1,21,9
01/11/1978, 3.2,32,8
02/11/1978, 2.1,33,8
03/11/1978,0,33,9
04/11/1978,0,32,9
05/11/1978,0,34,8
06/11/1978, 3.2,31,9
07/11/1978, 2.5,30,7
08/11/1978,0,32,6
09/11/1978,0,34,8
10/11/1978,0,34,9
11/11/1978,0,32,10
12/11/1978,0,34,8
13/11/1978,0,35,9
14/11/1978,0,34,10
15/11/1978,0,35,9
16/11/1978,0,31,10
17/11/1978,0,30,8
18/11/1978,0,29,7
19/11/1978,0,31,6
20/11/1978,0,32,7
21/11/1978,0,35,8
22/11/1978,0,33,9
23/11/1978,0,32,9
24/11/1978,0,31,8
25/11/1978,0,33,7
26/11/1978,0,34,9
27/11/1978, 1.3,30,7
28/11/1978,0,32,6
29/11/1978,0,31,8
30/11/1978,0,31,9
01/12/1978,0,22,9
02/12/1978,0,24,9
03/12/1978,0,25,10
04/12/1978,0,24,10
05/12/1978, 3.2,23,9
06/12/1978,0,23,8
07/12/1978,0,21,9
08/12/1978, 2.1,29,8
09/12/1978, 2.4,26,7
10/12/1978,0,27,5
11/12/1978, 4.3,26,6
12/12/1978, 2.1,25,5
13/12/1978, 5.5,25,5
14/12/1978, 4.2,29,4
15/12/1978,0,22,7
16/12/1978,0,29,9
17/12/1978, 0.4,21,7
18/12/1978,0,24,8
19/12/1978,0,25,9
20/12/1978,0,21,10
21/12/1978,0,22,9
22/12/1978,0,25,9
23/12/1978,0,21,10
24/12/1978,0,22,8
25/12/1978,0,23,9
26/12/1978,0,21,9
27/12/1978,0,22,8
28/12/1978,0,21,9
29/12/1978,0,23,8
30/12/1978,0,24,9
31/12/1978,0,27,10
01/01/1979, 0.3,11,5
02/01/1979, 0.2,8,-6
03/01/1979,0,13,-6
04/01/1979,0,17,3
05/01/1979,0,21,5
06/01/1979,0,24,6
07/01/1979,0,27,7
08/01/1979,0,28,5
09/01/1979,0,29,4
10/01/1979,0,28,7
11/01/1979,0,25,6
12/01/1979,0,23,5
13/01/1979, 0.2, 5.1,3
14/01/1979, 0.3,13,-4
15/01/1979,0,25,1
16/01/1979,0,29,5
17/01/1979,0,22,4
18/01/1979,0,27,7
19/01/1979,0,25,7
20/01/1979,0,15,5
21/01/1979, 0.2,24,2
22/01/1979,0,25,5
23/01/1979,0,28,7
24/01/1979,0,30,8
25/01/1979,0,22,8
26/01/1979,0,29,9
27/01/1979,0,30,9
28/01/1979,0,30,8
29/01/1979,0,30,9
30/01/1979,0,28,8
31/01/1979,0,30,7
01/02/1979,0,30,5
02/02/1979,0,28,8
03/02/1979,0,29,7
04/02/1979,0,18,9
05/02/1979, 1.5,20,7
06/02/1979,0,25,5
07/02/1979,0,27,6
08/02/1979,0,29,9
09/02/1979,0,25,10
10/02/1979,0,21,10
11/02/1979,0,18,8
12/02/1979,0,19,6
13/02/1979,0,19,6
14/02/1979, 3.4,15,4
15/02/1979,0,18,3
16/02/1979,0,24,5
17/02/1979,0,26,7
18/02/1979,0,25,9
19/02/1979,0,28,9
20/02/1979,0,27,10
21/02/1979,0,30,11
22/02/1979,0,29,10
23/02/1979,0,26,11
24/02/1979,0,28,9
25/02/1979,0,30,10
26/02/1979,0,33,10
27/02/1979,0,32,11
28/02/1979,0,30,12
01/03/1979, 0.4,32,9
02/03/1979,0,31,8
03/03/1979,0,29,7
04/03/1979,0,31,6
05/03/1979, 0.2,30,7
06/03/1979,0,31,7
07/03/1979,0,32,8
08/03/1979,0,35,8
09/03/1979,0,30,7
10/03/1979,0,32,8
11/03/1979, 0.3,31,8
12/03/1979,0,32,9
13/03/1979,0,35,8
14/03/1979,0,31,7
15/03/1979,0,32,7
16/03/1979,0,31,8
17/03/1979,0,30,8
18/03/1979, 0.4,32,7
19/03/1979,0,31,8
20/03/1979,0,30,7
21/03/1979,0,30,7
22/03/1979,0,32,7
23/03/1979,0,33,8
24/03/1979,0,34,8
25/03/1979,0,34,9
26/03/1979,0,32,9
27/03/1979,0,34,8
28/03/1979,0,35,9
29/03/1979,0,33,10
30/03/1979,0,32,9
31/03/1979,0,30,8
01/04/1979,0,32,8
02/04/1979,0,34,8
03/04/1979,0,33,9
04/04/1979, 0.3,31,9
05/04/1979, 0.2,34,8
06/04/1979,0,33,9
07/04/1979,0,30,8
08/04/1979,0,32,8
09/04/1979,0,34,8
10/04/1979,0,35,9
11/04/1979,0,34,10
12/04/1979,0,31,9
13/04/1979,0,32,8
14/04/1979,0,36,8
15/04/1979,0,34,10
16/04/1979,0,34,9
17/04/1979,0,33,8
18/04/1979,0,35,8
19/04/1979, 3.2,31,10
20/04/1979, 8.5,32,7
21/04/1979, 4.8,31,9
22/04/1979, 6.3,34,8
23/04/1979, 3.2,35,9
24/04/1979, 2.5,33,10
25/04/1979,0,33,9
26/04/1979,0,35,10
27/04/1979,0,34,10
28/04/1979,0,35,10
29/04/1979,0,36,11
30/04/1979,0,33,11
01/03/1980,0,20,8
02/03/1980,0,16, 1.5
03/03/1980, 0.9,20,2
04/03/1980,0,24, 9.5
05/03/1980,0,23, 10.5
06/03/1980,0,23, 6.5
07/03/1980,0,23, 9.5
08/03/1980,0, 25.5,10
09/03/1980,0,21, 10.5
10/03/1980,0,28,11
11/03/1980,0,28,12
12/03/1980,0, 28.5,13
13/03/1980, 0.5,22,11
14/03/1980, 0.5,16, 9.5
15/03/1980,0,23,5
16/03/1980,0,26,8
17/03/1980,5,25, 8.5
18/03/1980,0,17,5
19/03/1980,0,22,7
20/03/1980,0,21,8
21/03/1980,0,21, 7.5
22/03/1980,0,20, 6.5
23/03/1980,2,26, 8.5
24/03/1980, 0.5,20,11
25/03/1980,0, 20.5, 11.5
26/03/1980,0, 19.5,11
27/03/1980,0,21,10
28/03/1980,0,26, 9.5
29/03/1980,0,24, 13.5
30/03/1980,0,25,12
31/03/1980,0, 25.5, 12.5
01/04/1980,0,25, 14.5
02/04/1980,0, 27.5, 13.5
03/04/1980,0,25, 14.5
04/04/1980,2,20,12
05/04/1980,0,21, 12.5
06/04/1980,1, 24.5,14
07/04/1980,3, 26.5, 10.5
08/04/1980,19,25, 10.5
09/04/1980,0,26, 9.5
10/04/1980, 4.2, 26.5, 8.5
11/04/1980, 0.5, 24.5, 8.5
12/04/1980,0, 25.5, 11.5
13/04/1980,0, 23.5, 10.5
14/04/1980,0, 20.5,2
15/04/1980,0, 22.5, 5.5
16/04/1980,0, 22.5, 8.5
17/04/1980,3,21, 11.5
18/04/1980, 5.5,21, 8.5
19/04/1980,5,15, 6.5
20/04/1980,0,15,9
21/04/1980,0, 19.5, 8.5
22/04/1980, 2.5,16,8
23/04/1980, 0.5, 17.5,7
24/04/1980,0,25,8
25/04/1980,0,22,12
26/04/1980,0,25,9
27/04/1980,0, 17.5,5
28/04/1980,0,19, 7.5
29/04/1980,0, 21.5,8
30/04/1980,0,20, 8.5
01/05/1980,0,21, 7.5
02/05/1980, 4.5, 26.5, 8.5
03/05/1980,26, 19.5, 8.5
04/05/1980,18,22, 10.5
05/05/1980, 3.5, 22.5, 9.5
06/05/1980, 1.8,20, 9.5
07/05/1980, 10.5, 23.5, 11.5
08/05/1980,0, 18.5, 10.5
09/05/1980, 0.5, 19.5,11
10/05/1980,0,20, 9.5
11/05/1980,0, 26.5, 9.5
12/05/1980,0,27,12
13/05/1980,0,27,12
14/05/1980,0, 26.5,11
15/05/1980,0, 27.5,11
16/05/1980,0,25,12
17/05/1980,0,26,10
18/05/1980,0, 28.5, 10.5
19/05/1980,9, 28.5,12
20/05/1980,0,28,11
21/05/1980,0,27,10
22/05/1980,0,22,10
23/05/1980, 1.5,25,9
24/05/1980,0,25,12
25/05/1980,1, 26.5,10
26/05/1980,2, 25.5, 11.5
27/05/1980,0,20,12
28/05/1980,0,25, 9.5
29/05/1980,0, 22.5, 9.5
30/05/1980,0, 23.5, 9.5
31/05/1980,0,22, 10.5
01/06/1980,0, 21.5, 9.5
02/06/1980,0,24,10
03/06/1980,1, 21.5, 9.5
04/06/1980, 3.3, 21.5, 9.5
05/06/1980,0, 21.5, 9.5
06/06/1980,0, 22.5,10
07/06/1980,0,21,11
08/06/1980,0,22, 8.5
09/06/1980,0,21, 8.5
10/06/1980,0,20,9
11/06/1980,0,22, 7.5
12/06/1980,0,19,9
13/06/1980,0, 21.5, 8.5
14/06/1980,1, 20.5,9
15/06/1980,1,22, 8.5
16/06/1980,11,19,10
17/06/1980,12,21, 8.5
18/06/1980,17, 21.5, 10.5
19/06/1980,15,20,12
20/06/1980,35,16, 10.5
21/06/1980, 6.5, 18.5,10
22/06/1980, 1.3, 21.5, 10.5
23/06/1980,0, 19.5, 10.5
24/06/1980,0,20, 9.5
25/06/1980,3,19,9
26/06/1980,1,20,10
27/06/1980,1,21,10
28/06/1980,2,19,9
29/06/1980,0,23,10
30/06/1980,0,21,11
01/07/1980,0,21, 10.5
02/07/1980,0,18, 9.5
03/07/1980,0,20, 9.5
04/07/1980,0,20,9
05/07/1980,14,20,10
06/07/1980,7,20,9
07/07/1980, 5.5,18,10
08/07/1980,12,17,10
09/07/1980,0,20,9
10/07/1980, 1.5,20, 9.5
11/07/1980,0,20, 10.5
12/07/1980,0,21, 9.5
13/07/1980,0,19, 10.5
14/07/1980,3,20,9
15/07/1980,1,20,9
16/07/1980,0,19, 7.5
17/07/1980,0,20,9
18/07/1980,0,19,9
19/07/1980, 3.5,18, 9.5
20/07/1980,4,18, 10.5
21/07/1980,0,19, 11.5
22/07/1980,0,18, 9.5
23/07/1980,0,19,10
24/07/1980,0,20,10
25/07/1980,3,19,11
26/07/1980, 5.5,19,9
27/07/1980, 1.5, 18.5,9
28/07/1980,1,20,11
29/07/1980, 2.6,17,10
30/07/1980, 6.5, 17.5,9
31/07/1980,0,18,7
01/08/1980, 7.8,20, 6.5
02/08/1980,0,19,9
03/08/1980, 0.5,18, 9.5
04/08/1980,2,19, 10.5
05/08/1980,22, 20.5, 11.5
06/08/1980,8, 19.5, 11.5
07/08/1980, 25.7,18, 12.5
08/08/1980,14,20,12
09/08/1980,0,19, 10.5
10/08/1980,19,20, 10.5
11/08/1980, 8.5,20,12
12/08/1980,31,19,10
13/08/1980, 4.5,19, 10.5
14/08/1980,11,21,11
15/08/1980, 14.5,21,12
16/08/1980,0, 19.5, 11.5
17/08/1980, 4.6, 19.5, 10.5
18/08/1980, 26.5,20,11
19/08/1980,0, 19.5,10
20/08/1980,0,20,10
21/08/1980, 3.5,20, 9.5
22/08/1980, 1.7, 18.5, 8.5
23/08/1980,11,18, 8.5
24/08/1980,6,19,9
25/08/1980, 3.5,20,9
26/08/1980,0,20, 9.5
27/08/1980, 1.7,20,9
28/08/1980,6,20, 9.5
29/08/1980, 1.7,20, 9.5
30/08/1980, 2.6,20, 10.5
31/08/1980,2,19, 9.5
01/09/1980, 1.5,20,11
02/09/1980,2,18,11
03/09/1980, 20.5, 18.5, 9.5
04/09/1980,32,19, 9.5
05/09/1980, 9.6, 17.5, 11.5
06/09/1980, 0.5,19,11
07/09/1980,0,20,10
08/09/1980,0,19,10
09/09/1980,2, 19.5, 10.5
10/09/1980,8, 18.5,11
11/09/1980,4, 19.5,10
12/09/1980, 1.5, 19.5,10
13/09/1980, 2.5,19, 10.5
14/09/1980, 6.7, 19.5, 10.5
15/09/1980, 1.5, 17.5,10
16/09/1980,0,19, 8.5
17/09/1980,0,20, 9.5
18/09/1980,0,22, 10.5
19/09/1980,22,18, 9.5
20/09/1980,0,19,11
21/09/1980,2,19, 10.5
22/09/1980, 6.5,18, 9.5
23/09/1980,18, 18.5, 10.5
24/09/1980,29, 18.5,11
25/09/1980, 70.5,17,12
26/09/1980, 45.8,18,10
27/09/1980,13,18,11
28/09/1980,0, 18.5, 10.5
29/09/1980, 1.5,19,11
30/09/1980,0,19,12
01/10/1980,0,19, 7.5
02/10/1980,2,18,9
03/10/1980,0,15,6
04/10/1980,0,15,8
05/10/1980,0,18,8
06/10/1980,5,18, 5.5
07/10/1980,0,13, 5.5
08/10/1980,0,16, 4.5
09/10/1980,0,16,6
10/10/1980,0,18, 5.5
11/10/1980, 2.5,18,6
12/10/1980,0,16,8
13/10/1980,0, 17.5,7
14/10/1980,0,19,8
15/10/1980,0,20,8
16/10/1980,0,21, 10.5
17/10/1980,0,23,10
18/10/1980,0,19,12
19/10/1980, 2.5,20,12
20/10/1980, 0.6,20,8
21/10/1980,0, 17.5,9
22/10/1980,0,20,9
23/10/1980,1,20, 9.5
24/10/1980,15,19,11
25/10/1980,27,19, 10.5
26/10/1980,0,21, 9.5
27/10/1980,0,19,9
28/10/1980, 4.5,23,10
29/10/1980,1,19,8
30/10/1980,1,18,9
31/10/1980,0,18,6
01/11/1980,0,17,7
02/11/1980,0,22, 6.5
03/11/1980,0,19, 3.5
04/11/1980, 6.5,18, 9.5
05/11/1980, 5.6,17, 7.5
06/11/1980,0,21,6
07/11/1980,0,20,8
08/11/1980,0, 19.5,8
09/11/1980,0,18, 7.5
10/11/1980,0,20,7
11/11/1980,0,21,6
12/11/1980,0, 19.5, 9.5
13/11/1980,0,22,8
14/11/1980,0,19,9
15/11/1980, 0.6,20,7
16/11/1980,0,21,8
17/11/1980,0,21,9
18/11/1980,0,19, 8.5
19/11/1980,0,21, 6.5
20/11/1980,0,19,8
21/11/1980, 1.2,22,7
22/11/1980,0,21,1
23/11/1980,0, 19.5,7
24/11/1980,0,20, 7.5
25/11/1980,0,22, 9.5
26/11/1980, 9.5,20, 6.5
27/11/1980,0,19,2
28/11/1980,6,18,5
29/11/1980,0,18,5
30/11/1980,0,18, 6.5
01/12/1980,0,20,5
02/12/1980,3,18,9
03/12/1980, 8.5,11,8
04/12/1980,0,18, 6.5
05/12/1980,0,18, 7.5
06/12/1980,0, 17.5,7
07/12/1980,0, 17.5, 6.5
08/12/1980,0, 16.5, 8.5
09/12/1980,2, 17.5, 6.5
10/12/1980,0,18,6
11/12/1980,0,19, 6.5
12/12/1980,0,18,6
13/12/1980,0,20, 7.5
14/12/1980,0,18, 7.5
15/12/1980,0,18,8
16/12/1980,0, 17.5,4
17/12/1980,0,16, 5.5
18/12/1980,0,18,4
19/12/1980,0,18,4
20/12/1980,0,18,4
21/12/1980,1,17,5
22/12/1980,0,18, 2.5
23/12/1980,0,17, 3.5
24/12/1980,17, 17.5,4
25/12/1980,0, 17.5, 3.5
26/12/1980,0,18,4
27/12/1980,0,18, 5.5
28/12/1980,0, 17.5,5
29/12/1980,2,18,4
30/12/1980,0,18,5
31/12/1980,0,19,6
01/01/1981,0,19, 4.5
02/01/1981,0,18, 5.5
03/01/1981,0,18,6
04/01/1981,0,18,4
05/01/1981,0,18,1
06/01/1981,0,17,4
07/01/1981,0,19,2
08/01/1981,0,20,4
09/01/1981,3,20,7
10/01/1981,2,11,7
11/01/1981, 18.5, 10.5,4
12/01/1981, 3.6,15,4
13/01/1981,0,16,3
14/01/1981,0,18, 3.5
15/01/1981,0,14, 3.5
16/01/1981,0, 12.5,2
17/01/1981,2, 7.5,4
18/01/1981,22,9,3
19/01/1981,0,11, 3.5
20/01/1981,2,7,2
21/01/1981,0,12,2
22/01/1981,2,18, 3.5
23/01/1981,0,18,4
24/01/1981,0, 18.5,5
25/01/1981,0,18,7
26/01/1981,0,20, 6.5
27/01/1981,0,18,7
28/01/1981,0, 19.5, 6.5
29/01/1981,0,19,4
30/01/1981,0,20,7
31/01/1981,0,22,8
01/02/1981,0,19,8
02/02/1981,0,20,7
03/02/1981,0,20,6
04/02/1981,2,21, 6.5
05/02/1981,0, 19.5,6
06/02/1981,0,21,6
07/02/1981,0,20,7
08/02/1981,0,22,6
09/02/1981,0,20,8
10/02/1981,0,21, 6.5
11/02/1981,12,16,6
12/02/1981,0,16,-3
13/02/1981,5,19,-1
14/02/1981,0,18,3
15/02/1981,0,19,3
16/02/1981,0, 18.5,4
17/02/1981,0,13,5
18/02/1981,0, 17.5, 7.5
19/02/1981,0, 15.5, 3.5
20/02/1981,0, 16.5, 5.5
21/02/1981,0,22, 7.5
22/02/1981, 8.6,15,7
23/02/1981,0, 12.5,3
24/02/1981,0, 17.5, 4.5
25/02/1981,0,19, 5.5
26/02/1981,0, 19.5, 6.5
27/02/1981,0,20,6
28/02/1981,0, 21.5,7
01/03/1981,0,24,10
02/03/1981,0,20,8
03/03/1981,0,25,9
04/03/1981,0,25,12
05/03/1981,0, 18.5,11
06/03/1981,1,23,7
07/03/1981,2,18,10
08/03/1981,2, 11.5,9
09/03/1981,7,12, 6.5
10/03/1981,2, 13.5, 6.5
11/03/1981, 2.5,19, 8.5
12/03/1981, 7.8,19,7
13/03/1981,0, 21.5, 8.5
14/03/1981,0,21,9
15/03/1981,0,20,10
16/03/1981,3, 24.5,5
17/03/1981,0,23, 6.5
18/03/1981,0,19, 9.5
19/03/1981,0,22,4
20/03/1981,0,25,7
21/03/1981,0,26,7
22/03/1981,0, 17.5, 7.5
23/03/1981,0, 12.5, 4.5
24/03/1981,0, 14.5,5
25/03/1981,0, 21.5, 4.5
26/03/1981,0,17, 7.5
27/03/1981,0, 22.5,9
28/03/1981,0,25, 10.5
29/03/1981,0, 25.5,10
30/03/1981,0, 22.5, 10.5
31/03/1981,0,25, 13.5
01/04/1981,0,19, 9.5
02/04/1981,0, 22.5,9
03/04/1981,0,26, 9.5
04/04/1981,0,20, 9.5
05/04/1981,0,21, 3.5
06/04/1981,0,20, 4.5
07/04/1981, 13.5,21, 5.5
08/04/1981,0,20,8
09/04/1981,0,22, 6.5
10/04/1981,0,18,7
11/04/1981,2,19, 7.5
12/04/1981,0,18, 9.5
13/04/1981,0,19, 8.5
14/04/1981, 3.2,20,5
15/04/1981, 2.5,21, 6.5
16/04/1981, 2.5,20,7
17/04/1981, 7.5,19,7
18/04/1981,0,20,8
19/04/1981,0,20,9
20/04/1981,0,22,11
21/04/1981, 3.2,21, 9.5
22/04/1981,0, 21.5, 11.5
23/04/1981,0, 19.5, 12.5
24/04/1981, 0.5,20,10
25/04/1981,3,22,8
26/04/1981,0,20,9
27/04/1981,0,21, 12.5
28/04/1981, 6.5, 23.5, 10.5
29/04/1981, 0.4, 23.5, 11.5
30/04/1981,0,23, 11.5
01/05/1981,0,22,12
02/05/1981,21,23,10
03/05/1981,0, 22.5, 11.5
04/05/1981,0, 21.5,11
05/05/1981,0,22, 9.5
06/05/1981,0,20,10
07/05/1981,0, 22.5, 8.5
08/05/1981,0,25, 8.5
09/05/1981,0,26, 10.5
10/05/1981, 2.6, 18.5,11
11/05/1981,0,19, 7.5
12/05/1981,0,24,10
13/05/1981,0,26,13
14/05/1981,0,27, 13.5
15/05/1981,0,24,9
16/05/1981,1,27, 13.5
17/05/1981,0,28, 14.5
18/05/1981,0, 26.5,15
19/05/1981, 2.5,27, 10.5
20/05/1981, 1.5, 21.5, 11.5
21/05/1981,3,20,11
22/05/1981,2, 24.5, 10.5
23/05/1981,0, 24.5, 11.5
24/05/1981,1, 25.5, 10.5
25/05/1981,0,24,11
26/05/1981,0,26, 10.5
27/05/1981,2,24,11
28/05/1981, 5.5,24,13
29/05/1981, 0.5, 23.5, 12.5
30/05/1981, 8.5, 25.5,13
31/05/1981,0,22,10
01/06/1981,7,23, 10.5
02/06/1981, 6.5,21,11
03/06/1981,0,22,10
04/06/1981,0,24,9
05/06/1981,0,22,11
06/06/1981,0,23,9
07/06/1981,0,22,10
08/06/1981,3, 22.5,11
09/06/1981,0, 23.5,12
10/06/1981,4,24,13
11/06/1981,0,24,12
12/06/1981, 5.3,23,13
13/06/1981, 5.5,21,12
14/06/1981,8,19, 13.5
15/06/1981,27,17,13
16/06/1981,59, 16.5,12
17/06/1981,60,16, 11.5
18/06/1981,52,18,11
19/06/1981,18,20,12
20/06/1981, 2.5, 18.5,11
21/06/1981,0, 19.5,12
22/06/1981, 2.5,21,11
23/06/1981,3,18,11
24/06/1981,53,19,10
25/06/1981,45,15,12
26/06/1981,20,22,12
27/06/1981, 7.5,18,10
28/06/1981,8,17,10
29/06/1981,2,19,11
30/06/1981,12,16,11
01/07/1981,3,19,10
02/07/1981,0,19,11
03/07/1981,0,19,10
04/07/1981,1, 18.5,11
05/07/1981,0,21,10
06/07/1981,2,22,13
07/07/1981,1,21, 12.5
08/07/1981,30,19,11
09/07/1981,16,17,8
10/07/1981,8,18,9
11/07/1981,7, 17.5, 10.5
12/07/1981,9,18,9
13/07/1981,33,16,10
14/07/1981,36, 19.5,10
15/07/1981, 4.5,17,9
16/07/1981,1,19,10
17/07/1981, 6.5,20,10
18/07/1981, 1.5, 20.5, 10.5
19/07/1981,0,20,10
20/07/1981, 2.5,19,9
21/07/1981, 1.5,20,10
22/07/1981,0,20,10
23/07/1981,0, 18.1,8
24/07/1981,0,20, 9.5
25/07/1981, 4.5,20, 10.5
26/07/1981, 1.5,19,10
27/07/1981,12, 19.5,11
28/07/1981,0,19,9
29/07/1981, 2.5,20,9
30/07/1981,2,20,10
31/07/1981,6,18,8
01/08/1981,5,18,8
02/08/1981,0,18,7
03/08/1981,0,19,9
04/08/1981,5,20,10
05/08/1981,1,17,10
06/08/1981,0,19,8
07/08/1981,0,19,10
08/08/1981,6,19,9
09/08/1981,10,16, 10.5
10/08/1981,3,18,9
11/08/1981,0,19,9
12/08/1981,0,19,9
13/08/1981,1,17,9
14/08/1981,0,18,8
15/08/1981,9,20,10
16/08/1981,0,20,10
17/08/1981,0,21,11
18/08/1981,9,22,11
19/08/1981,10,17,12
20/08/1981,16,18,9
21/08/1981,9,20,10
22/08/1981,22,20,10
23/08/1981,17,18,10
24/08/1981,27,17,9
25/08/1981,41,18,9
26/08/1981,36,15,11
27/08/1981,66,15,11
28/08/1981,60,18,12
29/08/1981,0,20,12
30/08/1981,2,19,11
31/08/1981,0,22,12
01/09/1981,0,20,12
02/09/1981,1,21,10
03/09/1981, 3.5,21, 10.5
04/09/1981,3,17,10
05/09/1981,2,21,12
06/09/1981,0,19,10
07/09/1981,0,19,10
08/09/1981,21,19,9
09/09/1981,12,18,10
10/09/1981,0,20,10
11/09/1981,0,20,10
12/09/1981,0,19, 9.5
13/09/1981,0,20,9
14/09/1981,0,20, 9.5
15/09/1981,0,20, 9.5
16/09/1981, 4.5, 18.5,9
17/09/1981,65, 15.5, 9.5
18/09/1981,14, 19.5,7
19/09/1981,2,14,5
20/09/1981,0,19,8
21/09/1981,0, 20.5,10
22/09/1981,0,20,10
23/09/1981, 8.5,19, 9.5
24/09/1981,8, 15.5,11
25/09/1981,2, 18.5,7
26/09/1981,0,18,9
27/09/1981, 10.5, 16.5, 10.5
28/09/1981,39,15,11
29/09/1981,8, 16.5, 10.5
30/09/1981,9,17, 11.5
01/10/1981,10,18, 11.5
02/10/1981,5,14,10
03/10/1981,1,20,8
04/10/1981,0,19, 9.5
05/10/1981,0,21,11
06/10/1981,0,20, 10.5
07/10/1981,0,18,10
08/10/1981,0,21, 10.5
09/10/1981,0,20,10
10/10/1981, 7.5, 22.5,10
11/10/1981,1,20, 10.5
12/10/1981,0,19,10
13/10/1981,0,21,12
14/10/1981,0,20,11
15/10/1981,0,20,8
16/10/1981,0,20, 7.5
17/10/1981,0, 19.5,10
18/10/1981,20,20,7
19/10/1981,17,12,6
20/10/1981,0,16,9
21/10/1981,0,20,6
22/10/1981,17,18,7
23/10/1981,2,17,9
24/10/1981, 16.5,18,8
25/10/1981, 5.5,21, 10.5
26/10/1981,3,19,9
27/10/1981,0,18,9
28/10/1981,0, 18.5,7
29/10/1981,0,19,10
30/10/1981,0,21,11
31/10/1981,0,19,10
01/11/1981, 5.5,12, 9.5
02/11/1981,0, 13.5, 5.5
03/11/1981,0,16, 5.5
04/11/1981,0, 17.5,7
05/11/1981,0, 18.5, 6.5
06/11/1981,5,17,7
07/11/1981,0, 18.5, 8.5
08/11/1981,0,20,9
09/11/1981,0,11,8
10/11/1981,7,9,5
11/11/1981,0,18,5
12/11/1981,0,15,7
13/11/1981,0,16,3
14/11/1981,0,18,4
15/11/1981,0,19,5
16/11/1981,0,19,4
17/11/1981,0,19,6
18/11/1981,0,21,8
19/11/1981,0,20,9
20/11/1981,0, 21.5,4
21/11/1981,0,19,4
22/11/1981,0,20,5
23/11/1981,0, 20.5,6
24/11/1981,0,20, 8.5
25/11/1981,0,19,4
26/11/1981,0,22, 6.5
27/11/1981,0,19,10
28/11/1981,0,19,9
29/11/1981,0,22,8
30/11/1981,0,24,6
01/12/1981,0,20, 9.5
02/12/1981,0,22,7
03/12/1981,0,17, 8.5
04/12/1981,35,12,7
05/12/1981,1,14,8
06/12/1981,0,19, 6.5
07/12/1981,4,18,7
08/12/1981,7,18,6
09/12/1981,13,17,5
10/12/1981,0,17,5
11/12/1981,0,12,6
12/12/1981,0,18, 6.5
13/12/1981,0,20,7
14/12/1981,3,16,6
15/12/1981,0,17,5
16/12/1981,0,20, 5.5
17/12/1981,0,20,7
18/12/1981,0,12,5
19/12/1981,0,17, 5.5
20/12/1981,0,19, 6.5
21/12/1981,0,19,7
22/12/1981,0,21,8
23/12/1981,0,18,9
24/12/1981,0,18,6
25/12/1981,0,20,6
26/12/1981,0,19,7
27/12/1981,0,20,8
28/12/1981,0,17,10
29/12/1981,0,19,7
30/12/1981,0,20,9
31/12/1981,0,19,9
01/01/1982,0,21,10
02/01/1982,0,22,9
03/01/1982,0,23,10
04/01/1982,0, 19.5, 5.5
05/01/1982,0,20, 3.5
06/01/1982,0, 21.5, 6.5
07/01/1982,0,20,7
08/01/1982,0,18,7
09/01/1982,0,15, 6.5
10/01/1982, 0.2,19,7
11/01/1982,0,22,5
12/01/1982,0,15, 5.5
13/01/1982,0,23,7
14/01/1982,0,20,0
15/01/1982,0,22,2
16/01/1982,0,20,4
17/01/1982,0,21,5
18/01/1982,0,20, 5.5
19/01/1982,0,23,7
20/01/1982,0,21,8
21/01/1982,0,23,8
22/01/1982,0,20,9
23/01/1982,1,23,8
24/01/1982,0, 17.5,7
25/01/1982,0,22,8
26/01/1982,0,15,6
27/01/1982,0,21,5
28/01/1982,0, 18.5,7
29/01/1982,0,21,6
30/01/1982,2,22, 6.5
31/01/1982,1,22, 3.5
01/02/1982,1,10,4
02/02/1982,0,18,2
03/02/1982,0,22,5
04/02/1982,0,25,7
05/02/1982,0,22, 9.5
06/02/1982,1,18,8
07/02/1982,0,13,1
08/02/1982,0,13,-1
09/02/1982,0,21,3
10/02/1982,0,22,5
11/02/1982,0,25,7
12/02/1982,0,26,12
13/02/1982,0,22,12
14/02/1982,0,23,11
15/02/1982,0,24,13
16/02/1982,0,26, 11.5
17/02/1982,0,27,13
18/02/1982,0,22,10
19/02/1982,0,25, 11.5
20/02/1982,0,22, 10.5
21/02/1982,0,25,11
22/02/1982, 4.4,21,10
23/02/1982,0,20,10
24/02/1982,0,23,12
25/02/1982, 1.5,25,10
26/02/1982,1,18, 9.5
27/02/1982,0,27,8
28/02/1982,0,22,10
01/03/1982,1,10,4
02/03/1982,0,18,2
03/03/1982,0,22,5
04/03/1982,0,25,7
05/03/1982,0,22, 9.5
06/03/1982,1,18,8
07/03/1982,0,13,1
08/03/1982,0,13,-1
09/03/1982,0,21,3
10/03/1982,0,22,5
11/03/1982,0,25,7
12/03/1982,0,26,12
13/03/1982,0,22,12
14/03/1982,0,23,11
15/03/1982,0,24,13
16/03/1982,0,26, 11.5
17/03/1982,0,27,13
18/03/1982,0,22,10
19/03/1982,0,25, 11.5
20/03/1982,0,22, 10.5
21/03/1982,0,25,11
22/03/1982, 4.4,21,10
23/03/1982,0,20,10
24/03/1982,0,23,12
25/03/1982, 1.5,25,10
26/03/1982,1,18, 9.5
27/03/1982,0,27,8
28/03/1982,0,22,10
29/03/1982,0,24, 8.5
30/03/1982,0,25,8
31/03/1982,0,28,7
01/04/1982,0,26,9
02/04/1982,0,25,11
03/04/1982,0,29,12
04/04/1982,0,29, 11.5
05/04/1982,0,30,15
06/04/1982,0,28,12
07/04/1982,0,28,10
08/04/1982,0, 28.5,15
09/04/1982,0,27,12
10/04/1982, 10.5,25,14
11/04/1982,0,28, 9.5
12/04/1982,0,25,10
13/04/1982,0,25, 12.5
14/04/1982,0, 26.5,11
15/04/1982,0,29,12
16/04/1982,0,28, 12.5
17/04/1982,0,29,11
18/04/1982,0,29, 11.5
19/04/1982,0,25, 10.5
20/04/1982,0,27,10
21/04/1982, 11.5, 17.5,11
22/04/1982,1, 18.5, 8.5
23/04/1982,0, 17.5, 7.5
24/04/1982,11,22,7
25/04/1982,1,23, 9.5
26/04/1982,0,24,11
27/04/1982,0,23,11
28/04/1982,0,25,11
29/04/1982,1,23, 10.5
30/04/1982,0, 17.5, 9.5
01/05/1982, 1.5,17,9
02/05/1982, 1.5, 18.5,10
03/05/1982,0,16, 10.5
04/05/1982,0,22,8
05/05/1982,0,22,9
06/05/1982, 4.5,25,12
07/05/1982, 15.5,18,11
08/05/1982,5,21,10
09/05/1982,26,23,11
10/05/1982,0,23,11
11/05/1982,6,24,11
12/05/1982,8,24,12
13/05/1982, 0.5, 26.5,12
14/05/1982,0,24,13
15/05/1982,0,18,10
16/05/1982,0, 22.5,11
17/05/1982,3,23, 11.5
18/05/1982,0,19,11
19/05/1982,0,21,11
20/05/1982,0,21, 11.5
21/05/1982,14, 17.5,12
22/05/1982,1,19,11
23/05/1982,0,19,11
24/05/1982,0,22, 11.5
25/05/1982,0, 22.5,12
26/05/1982,0,22,12
27/05/1982,0,24,11
28/05/1982,0,26,13
29/05/1982,0, 23.5, 13.5
30/05/1982,0,24, 12.5
31/05/1982,0,27,12
01/06/1982,0,23,11
02/06/1982,0,26,11
03/06/1982,0,28,14
04/06/1982,0,28, 12.5
05/06/1982,0, 23.5,9
06/06/1982,0,23,12
07/06/1982,0,24, 11.5
08/06/1982,0, 22.5,9
09/06/1982,0, 23.5, 10.5
10/06/1982,9,22,11
11/06/1982,0,20,9
12/06/1982,0, 21.5,10
13/06/1982,0,22,10
14/06/1982,0,20,9
15/06/1982,0,21,10
16/06/1982,0,22,11
17/06/1982,0,18, 11.5
18/06/1982,0, 24.5,10
19/06/1982,0,21,10
20/06/1982,0, 22.5,10
21/06/1982,0, 22.5,10
22/06/1982,0, 15.1,10
23/06/1982,0,17,8
24/06/1982,0, 16.1,10
25/06/1982,0,25,10
26/06/1982,0,24, 9.5
27/06/1982,0,22,9
28/06/1982,0,20,10
29/06/1982,28,22,15
30/06/1982,7,17,11
01/07/1982,0,26,10
02/07/1982, 0.5,25,11
03/07/1982,0,20,10
04/07/1982, 4.5,22,10
05/07/1982,0,20, 9.5
06/07/1982,0,21,10
07/07/1982, 4.5,21,9
08/07/1982,0,19,9
09/07/1982,0,20,6
10/07/1982, 10.5,20,9
11/07/1982,0,25,10
12/07/1982,3,20,9
13/07/1982,0,20,10
14/07/1982,13,22,10
15/07/1982,5,20,9
16/07/1982,2,20,8
17/07/1982, 6.5,18,9
18/07/1982, 19.5,24,10
19/07/1982,0,20,12
20/07/1982,2,20,12
21/07/1982, 5.5,25,9
22/07/1982,10,24,8
23/07/1982,7,21,8
24/07/1982,21,26,8
25/07/1982,20,28,9
26/07/1982,0,27, 9.5
27/07/1982,2,25,8
28/07/1982,0,24,8
29/07/1982,0,26,9
30/07/1982,0,24,10
31/07/1982,3,25,11
01/08/1982,0,22,8
02/08/1982,9,20,8
03/08/1982,3,20,10
04/08/1982,0,21,9
05/08/1982,0,19,8
06/08/1982,0,18, 8.5
07/08/1982,0,20,7
08/08/1982,0,21,9
09/08/1982,0,19,10
10/08/1982, 5.5,21,7
11/08/1982,13,21, 9.5
12/08/1982, 7.5,18,9
13/08/1982,0,19,7
14/08/1982,0,21,10
15/08/1982,0,21,10
16/08/1982,0,20,8
17/08/1982,0,21,9
18/08/1982, 7.5,20,10
19/08/1982,0,17,9
20/08/1982, 1.5,18,6
21/08/1982, 5.5,17,6
22/08/1982, 7.5,17,8
23/08/1982,0,19,6
24/08/1982,0,19,8
25/08/1982,0,21,7
26/08/1982,0,20,8
27/08/1982,0,20,10
28/08/1982, 1.5,21,8
29/08/1982,2,18,9
30/08/1982, 1.5,17,8
31/08/1982,2,19,8
01/09/1982,0,18,8
02/09/1982,0,20,8
03/09/1982,0,21, 9.5
04/09/1982, 1.5,21,11
05/09/1982, 6.5,20,9
06/09/1982,0,18,9
07/09/1982,0,19,8
08/09/1982,0,15,10
09/09/1982,0,21,7
10/09/1982,0,22,10
11/09/1982,0,23,10
12/09/1982,0,23,12
13/09/1982,0, 19.1,12
14/09/1982, 7.5,20,9
15/09/1982, 5.5,18,9
16/09/1982,0,19,9
17/09/1982, 11.5,17,8
18/09/1982,21,18,8
19/09/1982,20,20,10
20/09/1982,18,18,13
21/09/1982, 2.5,21,11
22/09/1982,3,18,15
23/09/1982,0,17,9
24/09/1982,1,20,9
25/09/1982,8,19,10
26/09/1982,0,23,8
27/09/1982,0,22,9
28/09/1982,0,21,12
29/09/1982,0,21,11
30/09/1982,0,18,8
01/10/1982,0,15,9
02/10/1982,0,17,10
03/10/1982,0,19,11
04/10/1982,0,19,13
05/10/1982,3,21,14
06/10/1982,0,20,10
07/10/1982,0,22,11
08/10/1982,0,23,10
09/10/1982,0,23,12
10/10/1982,0,17,10
11/10/1982,0,19,11
12/10/1982,5,18,10
13/10/1982,12,17,9
14/10/1982,17,17,8
15/10/1982,10,18,8
16/10/1982,9,13,9
17/10/1982,0,18,5
18/10/1982,0,18,8
19/10/1982,0,16,6
20/10/1982,6,17,7
21/10/1982,15,14,8
22/10/1982,25,15,4
23/10/1982, 7.5, 10.1,5
24/10/1982, 2.5,12,2
25/10/1982,0,14,3
26/10/1982,0,17,5
27/10/1982,0,20,4
28/10/1982,0,18,6
29/10/1982,0,18,7
30/10/1982,0,18,6
31/10/1982,0,19,8
01/11/1982,0,21,8
02/11/1982,0,22,9
03/11/1982,0,20,10
04/11/1982,0,19,11
05/11/1982,0, 15.1,7
06/11/1982,0,15,1
07/11/1982,0,18,3
08/11/1982,0,15,6
09/11/1982,0,18,4
10/11/1982,0,19,7
11/11/1982,0,20,7
12/11/1982, 22.5,19,2
13/11/1982, 4.5,15,4
14/11/1982,0,19,7
15/11/1982,0,21,8
16/11/1982,0,22,6
17/11/1982,0,21,11
18/11/1982,0,19,11
19/11/1982,0,21,11
20/11/1982,0,21,10
21/11/1982,0,22,11
22/11/1982,0,21,6
23/11/1982,0,21,8
24/11/1982, 2.5,15,8
25/11/1982,0,18,8
26/11/1982,0,20,10
27/11/1982,0,19,8
28/11/1982,0,22,10
29/11/1982,0,21,11
30/11/1982, 3.6,20,12
01/12/1982,0,22,12
02/12/1982,0,24,11
03/12/1982,0,21,2
04/12/1982,0,18,5
05/12/1982,0,23,9
06/12/1982, 6.2,25,6
07/12/1982,11,17,10
08/12/1982,11,16,5
09/12/1982,5,16,8
10/12/1982,0,20,7
11/12/1982,2,21,9
12/12/1982,0,10,4
13/12/1982,0,14,1
14/12/1982,5,14,8
15/12/1982, 6.8,15,8
16/12/1982,0,21,3
17/12/1982,0,22,4
18/12/1982,0,18,9
19/12/1982,0,16,8
20/12/1982,0,15,2
21/12/1982,0,19,6
22/12/1982,0,20,8
23/12/1982,0,22,7
24/12/1982,0,20,7
25/12/1982,0,20,6
26/12/1982,0,19,5
27/12/1982,0,20,7
28/12/1982,0,21,9
29/12/1982, 3.5,23,9
30/12/1982,0,21,5
31/12/1982,0,22,6
01/01/1983,0,17,3
02/01/1983,0,19,2
03/01/1983,0,15,1
04/01/1983,0,17,2
05/01/1983,5,16,5
06/01/1983,0,15,5
07/01/1983,0,15,5
08/01/1983,0,19,7
09/01/1983,0,15,6
10/01/1983,0,17,7
11/01/1983,21,10,5
12/01/1983,8,16,3
13/01/1983,0,10,3
14/01/1983,0,19,4
15/01/1983,2,12,4
16/01/1983,3,19,4
17/01/1983,0,15,5
18/01/1983, 7.5,18,7
19/01/1983,0,18,5
20/01/1983,0,17,5
21/01/1983,0,20,6
22/01/1983,0,11,0
23/01/1983,0,15,2
24/01/1983,0,11,1
25/01/1983,0,14,3
26/01/1983,0,19,4
27/01/1983,0,22,2
28/01/1983,0,21,4
29/01/1983,0,21,7
30/01/1983,0,22,6
31/01/1983,0,25, 9.5
01/02/1983,0,24, 8.5
02/02/1983,0,20, 8.5
03/02/1983,0,15,2
04/02/1983,0,25, 3.5
05/02/1983,0,26, 6.5
06/02/1983,0,19, 9.5
07/02/1983,0,23,5
08/02/1983,0,20,6
09/02/1983,0,22, 4.5
10/02/1983,0,17,7
11/02/1983,0,18,7
12/02/1983, 1.5,10,2
13/02/1983,0,15,-2
14/02/1983,0,20,4
15/02/1983,0,20,8
16/02/1983,0,12, 2.5
17/02/1983,0,16,1
18/02/1983,0,18, 2.5
19/02/1983,0,22,4
20/02/1983,0,20,6
21/02/1983,0,15,3
22/02/1983,0,14,4
23/02/1983,0,16,1
24/02/1983,0,14,4
25/02/1983, 5.5,20,3
26/02/1983,0,17,2
27/02/1983,0,16, 2.5
28/02/1983,0,20,5
01/03/1983,0,21,7
02/03/1983,0,24,9
03/03/1983,0,20,10
04/03/1983,0,24,8
05/03/1983,0,26,10
06/03/1983,0,25,10
07/03/1983,0,20,8
08/03/1983,0,20,8
09/03/1983, 1.5,18,7
10/03/1983,0,11,4
11/03/1983,0,20,5
12/03/1983,0,19,5
13/03/1983,9,19,6
14/03/1983,0,20,5
15/03/1983,0,24,6
16/03/1983,0,22,8
17/03/1983,0,20,3
18/03/1983,0,26,6
19/03/1983,0,30,11
20/03/1983,0,22,10
21/03/1983,0,22,4
22/03/1983,0,20,2
23/03/1983,0,27,10
24/03/1983,0,25,10
25/03/1983,0,22,8
26/03/1983,0,23,6
27/03/1983,0,27,5
28/03/1983,0,16,2
29/03/1983,0,23,4
30/03/1983,0,22,10
31/03/1983,0,21,8
01/04/1983,0,27,10
02/04/1983,0,25,4
03/04/1983,0,28,5
04/04/1983,0,27,11
05/04/1983,0,27,11
06/04/1983,0,25,11
07/04/1983,0,28,10
08/04/1983,0,22,11
09/04/1983,0,26,3
10/04/1983,0,26,3
11/04/1983,0,24,6
12/04/1983,0,28,11
13/04/1983,0,30,10
14/04/1983,0,20,12
15/04/1983,0,19,7
16/04/1983,0,17,5
17/04/1983,0,25,5
18/04/1983,0,26,7
19/04/1983,0,32,13
20/04/1983,0,28,15
21/04/1983,0,30,14
22/04/1983,0,33,16
23/04/1983,0,24,13
24/04/1983,0,20,5
25/04/1983,0,21,7
26/04/1983,0,30,8
27/04/1983,0,27,9
28/04/1983,0,26,11
29/04/1983,0,27,12
30/04/1983,0,32,14
01/05/1983,0,32,12
02/05/1983,0,30,14
03/05/1983,0, 31.5,12
04/05/1983,0,32,13
05/05/1983,0,30,13
06/05/1983,0,29,14
07/05/1983,0,31,12
08/05/1983,0,30,13
09/05/1983, 4.5,32,12
10/05/1983,0,29,13
11/05/1983,0,28,12
12/05/1983,0,27,13
13/05/1983,0,0,0
26/05/1983,12,0,0
27/05/1983,1, 26.5,10
28/05/1983,0,23,11
29/05/1983,0,22,10
30/05/1983,0, 21.5,9
31/05/1983,0,25,10
01/06/1983,0,22,10
02/06/1983,0,24,9
03/06/1983,0,25,11
04/06/1983,0,22,10
05/06/1983,0,24,9
06/06/1983, 1.5,29,11
07/06/1983, 3.5,22,13
08/06/1983,0,20,13
09/06/1983,0,22,13
10/06/1983,0,21,6
11/06/1983,0,22,8
12/06/1983,0,28, 7.5
13/06/1983,0, 22.5, 11.5
14/06/1983,0,23,10
15/06/1983,0,24,11
16/06/1983,0,24,12
17/06/1983,0,23,12
18/06/1983,0,25,10
19/06/1983,0,24,12
20/06/1983,0,27,10
21/06/1983, 0.5,24,11
22/06/1983,0,23,10
23/06/1983, 0.4,24,10
24/06/1983,0,23,11
25/06/1983,0,24,11
26/06/1983, 1.8,23,12
27/06/1983,0,26,11
28/06/1983,0,28,13
29/06/1983,6,22,11
30/06/1983, 0.2,25, 9.5
01/07/1983,0,26,12
02/07/1983,3,24,11
03/07/1983,0,21,11
04/07/1983,0,23,11
05/07/1983,20,20,12
06/07/1983, 23.5,17,10
07/07/1983,3,19,9
08/07/1983,1,15,11
09/07/1983, 2.5,18,9
10/07/1983,3,19,10
11/07/1983,6,19,9
12/07/1983,4,18,9
13/07/1983,23,20,8
14/07/1983,0,19,7
15/07/1983, 2.6,21,8
16/07/1983,18,20,7
17/07/1983, 11.5,18,8
18/07/1983,15,17,11
19/07/1983,33,18,8
20/07/1983,23,14,8
21/07/1983,19,17, 7.5
22/07/1983,0,17,8
23/07/1983,13,17,8
24/07/1983, 0.3,17,8
25/07/1983,0,19,8
26/07/1983,1,19,9
27/07/1983,1,19,8
28/07/1983,4,21,9
29/07/1983,5,20,9
30/07/1983,0,19,9
31/07/1983,0,20,11
01/08/1983, 11.5,20,10
02/08/1983,1,19,9
03/08/1983,4,20,8
04/08/1983,0,18,9
05/08/1983, 12.5,17,7
06/08/1983, 7.5,16,6
07/08/1983,0,19,5
08/08/1983,0,20,7
09/08/1983,3,21,9
10/08/1983,3,18,10
11/08/1983,22,20,9
12/08/1983,1,20,8
13/08/1983,61,21,7
14/08/1983,0,19,10
15/08/1983,0,19,9
16/08/1983,8,20,9
17/08/1983,0,22,10
18/08/1983,0,23,11
19/08/1983,0,21,10
20/08/1983,4,21,8
21/08/1983,7,20,10
22/08/1983,2,23,9
23/08/1983,12,19,10
24/08/1983,0,19,8
25/08/1983,2,16,9
26/08/1983,2,19,6
27/08/1983,0,21,7
28/08/1983,0,21,8
29/08/1983,0,20,10
30/08/1983,0,21,9
31/08/1983,0,20,10
01/09/1983,0,21,11
02/09/1983,0,20,12
03/09/1983,7,20,10
04/09/1983,1,20,9
05/09/1983,2,21,10
06/09/1983,4,20,11
07/09/1983,4,18,11
08/09/1983,20,20,9
09/09/1983,9,22,9
10/09/1983,0,21,11
11/09/1983,6,19,10
12/09/1983,4,20,10
13/09/1983,2,22,10
14/09/1983,10,20,11
15/09/1983,12,20,10
16/09/1983,0,21,9
17/09/1983,0,20,10
18/09/1983,0,22,9
19/09/1983,0,22,10
20/09/1983,20,20,12
21/09/1983,26,20,11
22/09/1983,25,18,10
23/09/1983,28,21,9
24/09/1983,29,25,9
25/09/1983, 24.5,18,10
26/09/1983,16,19,8
27/09/1983,20,21,9
28/09/1983,18,18,10
29/09/1983, 3.5,20,7
30/09/1983,0,21,8
01/10/1983,0,18,7
02/10/1983,0,19,9
03/10/1983,0,18,9
04/10/1983,0,19,8
05/10/1983,20,24,10
06/10/1983,0,24,11
07/10/1983,0,19,13
08/10/1983,0,21,11
09/10/1983,3,19,12
10/10/1983,3,18,10
11/10/1983,6,19,9
12/10/1983,2,18,10
13/10/1983,2,18,9
14/10/1983,0,0,0
02/11/1983,0,25,6
03/11/1983,1,16,10
04/11/1983,0,14,7
05/11/1983, 8.5,18,4
06/11/1983,1,21,3
07/11/1983,0,18,9
08/11/1983, 3.5,19,10
09/11/1983, 1.5,18,11
10/11/1983,1,17,9
11/11/1983,0,20,8
12/11/1983,0,21,9
13/11/1983,0,22,10
14/11/1983,0,24,11
15/11/1983,7,21,11
16/11/1983,5,20,10
17/11/1983,0,20,9
18/11/1983,0,22,11
19/11/1983,0,24,11
20/11/1983,0,19,13
21/11/1983,0,24,10
22/11/1983,0,24,12
23/11/1983,0,24,13
24/11/1983,0,22,11
25/11/1983,0,23,11
26/11/1983,2,22,11
27/11/1983,0,23,12
28/11/1983,0,20,10
29/11/1983,0,18,10
30/11/1983,0,21,9
01/12/1983,0,19,11
02/12/1983,0,21,11
03/12/1983,0,19,12
04/12/1983,0,19,7
05/12/1983,0,23,8
06/12/1983,0,19,10
07/12/1983,0,23,11
08/12/1983,0,23,12
09/12/1983,0,21,11
10/12/1983,0,22,12
11/12/1983,0,16,12
12/12/1983,0,18,8
13/12/1983,0,21,7
14/12/1983,0,22,7
15/12/1983,0,14,8
16/12/1983, 8.5,19,7
17/12/1983, 1.5,15,7
18/12/1983,0,17,6
19/12/1983,0,16,5
20/12/1983,0,18,7
21/12/1983,0,21,8
22/12/1983,0,17,8
23/12/1983,0,20,7
24/12/1983,0,11,5
25/12/1983,0,18,-1
26/12/1983,0,21,1
27/12/1983,0,22,9
28/12/1983,0,22,8
29/12/1983,0,20,2
30/12/1983,0,10,3
31/12/1983,0,15,0
01/01/1984,0,13,3
02/01/1984, 0.2,11,2
03/01/1984,0,12,3
04/01/1984,0,13,3
05/01/1984,0,15,4
06/01/1984,0,20,5
07/01/1984,0,18,7
08/01/1984, 2.5,18, 6.5
09/01/1984, 0.5,22,9
10/01/1984,3,7,5
11/01/1984,6,10,-1
12/01/1984,0,11,1
13/01/1984,0,13,3
14/01/1984,0,18, 3.5
15/01/1984,0, 18.5, 6.5
16/01/1984,0,21, 6.5
17/01/1984,0,21,9
18/01/1984,0,19,9
19/01/1984,0,13,3
20/01/1984,0,19,3
21/01/1984,0,15, 2.5
22/01/1984,0,19,3
23/01/1984,0,20,7
24/01/1984,0,13,8
25/01/1984, 0.5,15,4
26/01/1984,0,15,3
27/01/1984,0,18,5
28/01/1984,0,18,4
29/01/1984,0,18,6
30/01/1984,1,17,10
31/01/1984,0,19,8
01/02/1984,0,16,6
02/02/1984,0,18,7
03/02/1984,0,16,8
04/02/1984,0,15,7
05/02/1984, 10.5,17,4
06/02/1984,10,15,3
07/02/1984,4,9,1
08/02/1984,8,12, 2.5
09/02/1984,7,18,2
10/02/1984,0,15,4
11/02/1984,0,19,4
12/02/1984,0,18,6
13/02/1984,0,17,8
14/02/1984,0,18,5
15/02/1984,0,20,6
16/02/1984,0,22,8
17/02/1984,0,21,8
18/02/1984,1,23,10
19/02/1984,4,19,10
20/02/1984,0,18,7
21/02/1984,0,21,6
22/02/1984,0,20,7
23/02/1984,0,18,9
24/02/1984,0,17,5
25/02/1984,0,18,5
26/02/1984,0,17,7
27/02/1984,0,12,4
28/02/1984,0,14,1
29/02/1984,0,9,1
01/04/1984,0,25,8
02/04/1984,0,29,10
03/04/1984,0,25,12
04/04/1984, 0.5,26,10
05/04/1984,0,24,8
06/04/1984,0,22,9
07/04/1984,0,27,11
08/04/1984,0,30,14
09/04/1984,0,26,11
10/04/1984,0,29,13
11/04/1984,0,28,12
12/04/1984,0,29,11
13/04/1984,0,27, 10.5
14/04/1984,0,28,10
15/04/1984,0,29,12
16/04/1984,0,27,12
17/04/1984,0,20,10
18/04/1984,0,0,10
01/06/1984,0,20,6
02/06/1984,0,22,9
03/06/1984,0,21,9
04/06/1984,0,21,10
05/06/1984, 13.9,29,11
06/06/1984,0,27,11
07/06/1984,0,31,13
08/06/1984,0,27,10
09/06/1984,0,29,11
10/06/1984,5,22,10
11/06/1984,8,21,10
12/06/1984, 6.5,18,10
13/06/1984,17,16,8
14/06/1984, 16.2,17,6
15/06/1984,1,22,7
16/06/1984,2,18,8
17/06/1984, 0.2,18,8
18/06/1984, 9.5,19,9
19/06/1984,5,19,9
20/06/1984, 14.5,20,9
21/06/1984, 4.5,18,8
22/06/1984,0,19,9
23/06/1984,0,21,9
24/06/1984,0,20,9
25/06/1984,0,20,10
26/06/1984,0,21,11
27/06/1984,0,22,11
28/06/1984,0,23,11
29/06/1984,0,22,11
30/06/1984,0,22,11
01/07/1984, 4.2,22,11
02/07/1984,14,22,10
03/07/1984, 9.5,24,11
04/07/1984,1,22,10
05/07/1984,7,20,11
06/07/1984,4,22,11
07/07/1984, 10.5,22,9
08/07/1984, 22.5,22,11
09/07/1984,13,16,10
10/07/1984, 6.5,19,11
11/07/1984,6,22,12
12/07/1984, 31.5,15,11
13/07/1984, 7.5,15,11
14/07/1984, 1.5,15,11
15/07/1984, 2.5,21,10
16/07/1984,0,21,8
17/07/1984,0,19,10
18/07/1984, 1.7,19,9
19/07/1984,1,21,9
20/07/1984,0,20, 9.5
21/07/1984,2,19,10
22/07/1984, 0.5,19,9
23/07/1984, 7.5,21,9
24/07/1984,13,24,9
25/07/1984, 20.1,21,10
26/07/1984,10,20,11
27/07/1984,0,18,9
28/07/1984, 6.4,19,8
29/07/1984, 8.7,19,9
30/07/1984, 16.8,17,10
31/07/1984, 1.2,18,9
01/08/1984, 1.4,20,9
02/08/1984,0,20,10
03/08/1984,14,20,10
04/08/1984, 12.5,17,10
05/08/1984, 5.7,16,8
06/08/1984,1,17,10
07/08/1984, 0.5,18,9
08/08/1984, 3.5,20,10
09/08/1984,0,18,10
10/08/1984, 2.5,17,10
11/08/1984, 0.5,18,7
12/08/1984,0,19,9
13/08/1984, 5.5,20,9
14/08/1984, 3.5,16,8
15/08/1984, 5.3,15,9
16/08/1984, 0.5,18,8
17/08/1984,0,19,7
18/08/1984,0,21,8
19/08/1984,0,20,10
20/08/1984,0,20,9
21/08/1984,9,20,9
22/08/1984, 19.5,24,9
23/08/1984,5,19,11
24/08/1984, 11.5,20,12
25/08/1984,12,19,9
26/08/1984,13,18,7
27/08/1984, 22.5,17,10
28/08/1984,2,19,9
29/08/1984,0,19,8
30/08/1984,0,20,8
31/08/1984,0,20,8
01/09/1984,0,21,8
02/09/1984, 2.8,20,10
03/09/1984,9,19,9
04/09/1984, 22.5,15,11
05/09/1984,20,16,9
06/09/1984,21,15,10
07/09/1984,15,15,9
08/09/1984, 4.5,18,7
09/09/1984,0,22,8
10/09/1984, 8.5,19,9
11/09/1984, 22.5,15,9
12/09/1984, 8.4,18,8
13/09/1984, 15.5,14,9
14/09/1984, 27.5,15,7
15/09/1984,41,13,6
16/09/1984,19,11,5
17/09/1984, 3.5,13,4
18/09/1984, 5.5,15,5
19/09/1984,0,15,6
20/09/1984,0,18,6
21/09/1984, 0.5,17,9
22/09/1984, 4.5,19,9
23/09/1984,0,21,12
24/09/1984, 14.5,20,9
25/09/1984, 9.5,17,12
26/09/1984, 21.5,17,10
27/09/1984, 3.5,17,9
28/09/1984, 2.3,16,7
29/09/1984, 17.5,16,8
30/09/1984, 2.5,15,8
01/10/1984, 5.5,17,9
02/10/1984,0,16,9
03/10/1984, 0.5,16,7
04/10/1984,0,20,9
05/10/1984,0,21,11
06/10/1984,0,19,10
07/10/1984, 1.5,19,9
08/10/1984,0,18,11
09/10/1984,0,19,8
10/10/1984,0,18,6
11/10/1984,0,17,6
12/10/1984,0,18,7
13/10/1984,0,19,7
14/10/1984,0,23,9
15/10/1984,0,24,11
16/10/1984,0,25,12
17/10/1984,0,23,12
18/10/1984,0, 23.5,10
19/10/1984,0, 23.5,13
20/10/1984,0, 23.8, 11.7
21/10/1984,0,24, 12.3
22/10/1984,0,23,11
23/10/1984,14,17,11
24/10/1984,0,19,10
25/10/1984, 0.5,20,8
26/10/1984,0,19,9
27/10/1984,0,19,8
28/10/1984,0,19,8
29/10/1984, 6.5, 18.5,10
30/10/1984, 1.5,18, 11.5
31/10/1984,0,18,11
01/11/1984,0,19,9
02/11/1984,0,19,7
03/11/1984,0,22,7
04/11/1984,0,20,9
05/11/1984,0,16,6
06/11/1984,0,13,5
07/11/1984,0,19,6
08/11/1984,0,21,8
09/11/1984,0,23,8
10/11/1984,0,23,10
11/11/1984,0,16,6
12/11/1984, 0.5,18,5
13/11/1984,0,15,7
14/11/1984,0,18,5
15/11/1984,0,18,6
16/11/1984,0,15,4
17/11/1984,0,19,4
18/11/1984,0,22,9
19/11/1984,0,19,6
20/11/1984, 7.5,16,7
21/11/1984, 4.5,10,6
22/11/1984, 4.5,12,5
23/11/1984,0,11,4
24/11/1984,0,19,2
25/11/1984,0,22,8
26/11/1984,0,23,9
27/11/1984, 0.5,19,11
28/11/1984,0,20,2
29/11/1984, 0.5,22,5
30/11/1984,0,18,6
01/12/1984,0,20,9
02/12/1984,0,20,10
03/12/1984,0,15,9
04/12/1984,0,21,8
05/12/1984,0,19,9
06/12/1984,0,15,6
07/12/1984,0,13,4
08/12/1984,0,15,1
09/12/1984,0,18,5
10/12/1984,0,16,6
11/12/1984,0,23,5
12/12/1984,0,22,8
13/12/1984,0,23,8
14/12/1984,0,22,8
15/12/1984,0,20,8
16/12/1984,0,21,5
17/12/1984,0,18,8
18/12/1984,2,17,4
19/12/1984,0,16,5
20/12/1984,0,15,2
21/12/1984,0,22,4
22/12/1984,0,18,8
23/12/1984,0,17,6
24/12/1984,0,18,3
25/12/1984,5,12,4
26/12/1984,2,15,6
27/12/1984,1,13,7
28/12/1984,0,16,8
29/12/1984,0,17,6
30/12/1984,0,18,5
31/12/1984,0,20,6
01/01/1985,0,19,6
02/01/1985, 1.5,10,8
03/01/1985,0,14,-1
04/01/1985,0,13,-2
05/01/1985,0,18,-4
06/01/1985,0,12,-2
07/01/1985,0,18,4
08/01/1985,0,16,3
09/01/1985,0,20,6
10/01/1985,0,21,7
11/01/1985,0,17,8
12/01/1985,0,12,5
13/01/1985,0,16,4
14/01/1985,0,15,6
15/01/1985, 4.5,19,8
16/01/1985,0,22,4
17/01/1985,0,21,5
18/01/1985,0,20,6
19/01/1985,0,20,8
20/01/1985,0,19,5
21/01/1985,0,19,-1
22/01/1985,0,18,0
23/01/1985,0,21,8
24/01/1985,0,20,9
25/01/1985,0,22,9
26/01/1985,0,17,6
27/01/1985,0,23,6
28/01/1985,0,22,9
29/01/1985,0,24,9
30/01/1985,0,23,10
31/01/1985,0,24,9
01/02/1985,0,24,9
02/02/1985,0,21,8
03/02/1985,0,22,9
04/02/1985,0,23,9
05/02/1985,0,25,9
06/02/1985,0,23,8
07/02/1985,0,20,8
08/02/1985,0,21,2
09/02/1985,0,19,4
10/02/1985,0,23,8
11/02/1985,0,10,7
12/02/1985,0,13,-2
13/02/1985,0,22,1
14/02/1985,0,11,2
15/02/1985,0,12,1
16/02/1985,0,19,1
17/02/1985,0,20,4
18/02/1985,0,17,5
19/02/1985,0,15,4
20/02/1985,0,16,3
21/02/1985,0,22,5
22/02/1985,0,23,8
23/02/1985,0,25,8
24/02/1985, 1.5,20,9
25/02/1985,0,15,8
26/02/1985,2,20,6
27/02/1985, 13.5,13,7
28/02/1985,0,16,6
01/03/1985,0,21,3
02/03/1985,0,24,4
03/03/1985,0,26,10
04/03/1985,0,25,12
05/03/1985, 5.5,11,8
06/03/1985,0,15,5
07/03/1985,0,14,6
08/03/1985, 2.5,13,4
09/03/1985,0,16,5
10/03/1985,0,16,7
11/03/1985,0,22,7
12/03/1985,0,22,8
13/03/1985, 0.1,23,9
14/03/1985,0,19,8
15/03/1985,0,15,7
16/03/1985,0,23,9
17/03/1985,0,17,8
18/03/1985,0,18,5
19/03/1985,0,25,7
20/03/1985,0,27,12
21/03/1985,0,19,11
22/03/1985,0,27,9
23/03/1985,0,24,0
24/03/1985,0,18,9
25/03/1985,0,21,8
26/03/1985,0,20,7
27/03/1985,0,23,9
28/03/1985,0,26,10
29/03/1985,0,28,13
30/03/1985,0,28,12
31/03/1985,0,21,3
01/04/1985, 0.4,21,5
02/04/1985,0,15,4
03/04/1985,0,20,4
04/04/1985,0,25,9
05/04/1985, 1.6,25,12
06/04/1985, 0.3,20,8
07/04/1985,0,21,7
08/04/1985, 10.5,19,9
09/04/1985, 3.5,16,8
10/04/1985,1,15,8
11/04/1985,0,18,7
12/04/1985,1,18,9
13/04/1985,0,15,6
14/04/1985,8,16,5
15/04/1985, 5.5,18,7
16/04/1985,0,21,8
17/04/1985,0,19,9
18/04/1985,0,20,9
19/04/1985,1,23,8
20/04/1985, 2.5,22,8
21/04/1985, 1.5,24,9
22/04/1985, 1.5,24,11
23/04/1985, 1.5,26,11
24/04/1985, 5.5,22,11
25/04/1985,0,22,10
26/04/1985,0,26,12
27/04/1985,0,26,10
28/04/1985,0,25,14
29/04/1985,0,26,13
30/04/1985,0,24,10
01/05/1985,0,23,8
02/05/1985,11,20,7
03/05/1985,0,17,8
04/05/1985,0,15,7
05/05/1985,0,20,8
06/05/1985,0,21,9
07/05/1985,0,21,8
08/05/1985,0,20,8
09/05/1985,0,21,8
10/05/1985,0,24,8
11/05/1985,0,29,12
12/05/1985,0,28,15
13/05/1985,0,30,18
14/05/1985,0,27,14
15/05/1985,0,23,12
16/05/1985,0,21,11
17/05/1985,2,23,12
18/05/1985,0,24,10
19/05/1985,0,21,10
20/05/1985,4,24,11
21/05/1985,0,26,12
22/05/1985,0,23,4
23/05/1985,0,25,12
24/05/1985,0,24,13
25/05/1985,0, 24.5,10
26/05/1985,0,25,10
27/05/1985,0, 25.5, 9.5
28/05/1985,0,25,9
29/05/1985,0,26,9
30/05/1985,0,26,10
31/05/1985,0,24,10
01/06/1985,0,23,8
02/06/1985,0,22,9
03/06/1985, 2.5,23,12
04/06/1985, 2.5,20,12
05/06/1985, 0.1,25,12
06/06/1985, 0.5,24,12
07/06/1985,0,22,10
08/06/1985,0,22,8
09/06/1985,0,23,10
10/06/1985,0,25,11
11/06/1985, 0.1,28,12
12/06/1985, 9.5,21,12
13/06/1985, 16.5,20,11
14/06/1985, 0.1,21,10
15/06/1985, 0.5,20,11
16/06/1985,11,21,11
17/06/1985, 1.5,20,11
18/06/1985,4,20,12
19/06/1985,11,20,12
20/06/1985,7, 20.5,12
21/06/1985,0,21, 11.5
22/06/1985,0, 21.5,11
23/06/1985,0,22, 10.5
24/06/1985, 4.5,20,10
25/06/1985,0,19,11
26/06/1985, 11.5,20,10
27/06/1985, 8.5,20,10
28/06/1985, 14.5,18,10
29/06/1985, 2.5,16,12
30/06/1985, 7.5,13,9
01/07/1985,1,16,8
02/07/1985,0,19,9
03/07/1985, 0.5,20, 8.5
04/07/1985,14,23,8
05/07/1985, 7.5,20,11
06/07/1985,20,19,11
07/07/1985,14,20,8
08/07/1985,0,18,8
09/07/1985,0,19,7
10/07/1985,0,18,7
11/07/1985,0,20,9
12/07/1985,0,21,8
13/07/1985,0,20,6
14/07/1985,20,20,9
15/07/1985, 7.5,17,7
16/07/1985, 4.5,18,10
17/07/1985,1,19,8
18/07/1985,0,20,7
19/07/1985, 8.5,19,9
20/07/1985, 1.5,18,8
21/07/1985,0,20,10
22/07/1985,0,21,12
23/07/1985,7,21,11
24/07/1985, 0.5,22,11
25/07/1985,0,20,12
26/07/1985, 11.5,19,10
27/07/1985, 1.5,18,9
28/07/1985,0,18,10
29/07/1985,19,18,9
30/07/1985, 18.5,17,11
31/07/1985,6,20,10
01/08/1985, 0.3,19,7
02/08/1985, 8.5,21,9
03/08/1985, 0.1,21,8
04/08/1985,0,19,9
05/08/1985,0,21,9
06/08/1985,0,21,10
07/08/1985,0,22,9
08/08/1985,0,21,10
09/08/1985,0,21,10
10/08/1985,0,21,11
11/08/1985,0,22,10
12/08/1985,0,21,8
13/08/1985,0,21,10
14/08/1985,0,21,10
15/08/1985,11,21,10
16/08/1985, 0.5,20,12
17/08/1985, 5.5,20,10
18/08/1985, 0.3,21,9
19/08/1985,0,20,9
20/08/1985,0,20,8
21/08/1985,11,18,8
22/08/1985,9,18,9
23/08/1985,20,19,11
24/08/1985,14,18,11
25/08/1985,0,18,10
26/08/1985,8,17,10
27/08/1985, 16.5,17,10
28/08/1985, 10.5,17,8
29/08/1985, 9.3,19,10
30/08/1985,0,20,9
31/08/1985,0,21,10
01/09/1985,0,24,7
02/09/1985,0,23,9
03/09/1985,0,22,8
04/09/1985,0,22,9
05/09/1985,0,22,10
06/09/1985,10,19,10
07/09/1985,2,18,11
08/09/1985, 0.5,19,7
09/09/1985,0,20,8
10/09/1985,0,20,8
11/09/1985,2,18,10
12/09/1985, 0.2,19,9
13/09/1985,11,17,8
14/09/1985, 27.5,15,10
15/09/1985, 11.5,17,10
16/09/1985,2,18,10
17/09/1985,0,19,10
18/09/1985,0, 19.5,10
19/09/1985, 8.5,20, 9.5
20/09/1985,12,19,9
21/09/1985,0,20,9
22/09/1985,0,19,10
23/09/1985,0,21,10
24/09/1985,0,20,10
25/09/1985,0,20,9
26/09/1985, 4.5,20,10
27/09/1985, 3.5,19,8
28/09/1985,0,21,10
29/09/1985, 7.5,21,10
30/09/1985,19,19,11
01/10/1985,1,17,10
02/10/1985,0,19,10
03/10/1985,0,18,8
04/10/1985,36,19,8
05/10/1985,4,13,11
06/10/1985, 2.5,15,6
07/10/1985,0,20,8
08/10/1985,0,21,10
09/10/1985,0,20,10
10/10/1985,0,20,10
11/10/1985,0,18,7
12/10/1985,0,21,9
13/10/1985,0,20,10
14/10/1985,0,20,8
15/10/1985,5,20,10
16/10/1985,3,17,8
17/10/1985,1,18,7
18/10/1985, 2.5,20,7
19/10/1985,0,19,9
20/10/1985,18,20,9
21/10/1985, 0.5,20,7
22/10/1985,0,20,7
23/10/1985,0,21,8
24/10/1985,0,20,7
25/10/1985,0,19,9
26/10/1985,0,17,6
27/10/1985,0,18,6
28/10/1985,0,19,6
29/10/1985,0,20,7
30/10/1985,0,19,7
31/10/1985,0,21,8
01/11/1985,0,22,11
02/11/1985,6,25,8
03/11/1985,0,19,5
04/11/1985,0,14,1
05/11/1985,0,19,2
06/11/1985,0,20,2
07/11/1985,0,20,6
08/11/1985,0,15,4
09/11/1985,0,23,9
10/11/1985,0,22,11
11/11/1985,0,21,10
12/11/1985,0,19,9
13/11/1985,0,19,6
14/11/1985,0,20,10
15/11/1985,0,19,8
16/11/1985,2,17,8
17/11/1985,0,18,7
18/11/1985,0,20,7
19/11/1985, 1.5,19,10
20/11/1985,0,20,7
21/11/1985,0,21,7
22/11/1985,0,20,8
23/11/1985,0,20,6
24/11/1985,0,20,7
25/11/1985,0,20,7
26/11/1985,0,19,7
27/11/1985,0,20,8
28/11/1985,4,17,9
29/11/1985,0,19,6
30/11/1985,0,21,8
01/12/1985, 0.5,21,8
02/12/1985,0,17,6
03/12/1985,1,18,5
04/12/1985,6,16,5
05/12/1985,15,13,8
06/12/1985,0,14,4
07/12/1985,0,19,4
08/12/1985,0,18,6
09/12/1985,0,21,8
10/12/1985,0,22,9
11/12/1985,0,22,10
12/12/1985, 2.5,23,8
13/12/1985,0,18,10
14/12/1985,0,13,2
15/12/1985,0,12, 2.5
16/12/1985,0,15,2
17/12/1985,0,16,3
18/12/1985,0,14,4
19/12/1985,0,17,2
20/12/1985,0,18,3
21/12/1985,0,16,4
22/12/1985,0,14,3
23/12/1985,0,14,6
24/12/1985,0,16,6
25/12/1985,0,18,5
26/12/1985,0,15,4
27/12/1985,0,20,6
28/12/1985,0,20,10
29/12/1985,0,20,10
30/12/1985,0,21,6
31/12/1985,0,20,10
01/01/1986,0,20,4
02/01/1986,0,21,6
03/01/1986,0,18,7
04/01/1986, 8.5,22,7
05/01/1986,1,19,5
06/01/1986,0,20,5
07/01/1986,0,20,7
08/01/1986,0,19,5
09/01/1986,0,13,2
10/01/1986,0,9,-1
11/01/1986,0,10,0
12/01/1986,0,11,-2
13/01/1986,0,10,-2
14/01/1986,0,12,-2
15/01/1986,0,14,1
16/01/1986,0,18,2
17/01/1986,0,14,-1
18/01/1986,0,14,2
19/01/1986,0,14,4
20/01/1986,0,16,2
21/01/1986,0,19,5
22/01/1986,0,19,7
23/01/1986,0,13,5
24/01/1986,0,19,4
25/01/1986, 8.5,20,7
26/01/1986,0,20,3
27/01/1986,0,14,-2
28/01/1986,0,19,0
29/01/1986,0,20,7
30/01/1986,0,21,6
31/01/1986,0,19,2
01/02/1986,0,20,8
02/02/1986,0,20,5
03/02/1986,0,24,8
04/02/1986,0,21,7
05/02/1986,0,23,10
06/02/1986,0,17,6
07/02/1986,0,23,6
08/02/1986,0,21,7
09/02/1986,0,23,9
10/02/1986,0,26,9
11/02/1986,0,17,4
12/02/1986,0,13,4
13/02/1986,0,15,2
14/02/1986,0,22,2
15/02/1986,0,21,7
16/02/1986,0,24,8
17/02/1986,0,24,10
18/02/1986,0,22,9
19/02/1986,0,23,9
20/02/1986,0,25,9
21/02/1986,0,24,11
22/02/1986,0,19,10
23/02/1986,0,13,6
24/02/1986,0,18,7
25/02/1986,0,17,6
26/02/1986,0,21,4
27/02/1986,0,24,9
28/02/1986,1,16,3
01/03/1986,0,15,2
02/03/1986,0,23,3
03/03/1986,0,24,10
04/03/1986,0,13,6
05/03/1986,0,20,5
06/03/1986,3,17,4
07/03/1986,0,17,6
08/03/1986,0,22,8
09/03/1986,0,23,7
10/03/1986,0,25,10
11/03/1986,0,29,10
12/03/1986,0,27,11
13/03/1986,0,21,8
14/03/1986,0,25,8
15/03/1986,0,24,9
16/03/1986,0,19,7
17/03/1986,0,25,10
18/03/1986,0,29,11
19/03/1986,1,21,10
20/03/1986, 1.5,16,1
21/03/1986,0,14,1
22/03/1986,0,19,-3
23/03/1986,0,11,1
24/03/1986,0,19,0
25/03/1986,0,14,2
26/03/1986,0,16,2
27/03/1986, 5.5,14,3
28/03/1986, 2.5,12,6
29/03/1986,0,16,4
30/03/1986,0,21,5
31/03/1986,0,23,8
01/04/1986,0,24,9
02/04/1986,0,25,10
03/04/1986,0,30,12
04/04/1986,0,29,14
05/04/1986,0,27,10
06/04/1986,0,22,11
07/04/1986,0,23,9
08/04/1986,0,26,8
09/04/1986,0,23,12
10/04/1986,0,21,8
11/04/1986,0,28,10
12/04/1986,0,28,13
13/04/1986,0,27,12
14/04/1986,0,29,13
15/04/1986,0,24,12
16/04/1986,0,21,9
17/04/1986,0,26,11
18/04/1986, 4.5,26,12
19/04/1986,0,25,11
20/04/1986, 0.3,26,12
21/04/1986,0,16,9
22/04/1986,0,19,8
23/04/1986, 1.3,21,8
24/04/1986,0,19,8
25/04/1986, 0.5,20,7
26/04/1986, 3.5,22,8
27/04/1986,0,23,9
28/04/1986,0,26,11
29/04/1986, 0.5,22,10
30/04/1986, 1.5,23,11
01/05/1986, 5.5,24,10
02/05/1986,0,19,8
03/05/1986,0,18,8
04/05/1986,0,21,7
05/05/1986, 3.5,24,10
06/05/1986,2,26,11
07/05/1986, 0.5,26,12
08/05/1986,20,26,13
09/05/1986,16,26,11
10/05/1986,0,27,11
11/05/1986,0,23,11
12/05/1986,0,24,10
13/05/1986,0,28,12
14/05/1986,0,28,14
15/05/1986,0,28,14
16/05/1986,0,28,16
17/05/1986,0,27,15
18/05/1986,0,22,13
19/05/1986,0,18,10
20/05/1986,0,19,8
21/05/1986,0,20,9
22/05/1986,0,23,11
23/05/1986,0,24,13
24/05/1986,0,23,10
25/05/1986,20,22,10
26/05/1986, 8.5,18,11
27/05/1986,0,19,11
28/05/1986,2,19,9
29/05/1986,15,18,10
30/05/1986,12,20,10
31/05/1986,0,20,11
01/06/1986, 1.5,22,10
02/06/1986,22,20,10
03/06/1986,16,18,9
04/06/1986,20,19,8
05/06/1986,1,23,10
06/06/1986,0,23,12
07/06/1986,0,24,11
08/06/1986,0,24,12
09/06/1986, 14.5,22,13
10/06/1986, 6.5,21,12
11/06/1986,5,18,10
12/06/1986,5,19,9
13/06/1986, 12.5,20,11
14/06/1986, 0.5,19,10
15/06/1986,0,20,10
16/06/1986,0,21,11
17/06/1986,2,21,11
18/06/1986, 3.5,19,9
19/06/1986,0,20,10
20/06/1986,4,21,11
21/06/1986,10,21,12
22/06/1986, 1.5,19,11
23/06/1986, 2.5,19,11
24/06/1986, 6.5,19,10
25/06/1986,26,19,11
26/06/1986, 15.5,18,9
27/06/1986,14,15,10
28/06/1986, 12.5,18,8
29/06/1986,0,20,8
30/06/1986,0,20,10
01/07/1986,8,21,11
02/07/1986,6,18,11
03/07/1986,0,19,9
04/07/1986,0,18,7
05/07/1986,0,21,10
06/07/1986, 12.5,19,9
07/07/1986,0,18,10
08/07/1986, 1.5,16,9
09/07/1986,0,18,9
10/07/1986, 1.5,20,10
11/07/1986,5,18,11
12/07/1986, 4.5,20,9
13/07/1986,15,18,10
14/07/1986, 7.5,15,8
15/07/1986,0,18,6
16/07/1986,3,18,6
17/07/1986, 3.5,18,4
18/07/1986,2,19,4
19/07/1986,1,18,7
20/07/1986,0,18,7
21/07/1986, 6.5,19,9
22/07/1986,0,17,9
23/07/1986,5,20,10
24/07/1986,4,19,9
25/07/1986,1,18,7
26/07/1986,0,20,8
27/07/1986,0,21,9
28/07/1986, 16.5,21,10
29/07/1986,0,20,11
30/07/1986,0,21,11
31/07/1986,0,19,10
01/01/1987,0,20,2
02/01/1987,0,21, 2.5
03/01/1987,0,20,2
04/01/1987,0,19,6
05/01/1987,0,16,9
06/01/1987,0,18,5
07/01/1987,0,17,7
08/01/1987,0,19,8
09/01/1987,0,20,9
10/01/1987,0,21,7
11/01/1987,0,20,8
12/01/1987,0,21,9
13/01/1987,0,21,8
14/01/1987,0,22,9
15/01/1987,0,23,6
16/01/1987,0,20,7
17/01/1987,0,21,8
18/01/1987,0,21,7
19/01/1987,0,20,9
20/01/1987,0,20,6
21/01/1987,0,21,7
22/01/1987,0,21,8
23/01/1987,0,26,9
24/01/1987,0,21,2
25/01/1987,0,27,5
26/01/1987,0,28,6
27/01/1987,0,26,1
28/01/1987,0,21,2
29/01/1987,0,21,5
30/01/1987,0,20,9
31/01/1987,0,21,10
01/02/1987,0,20,8
02/02/1987,0,20,8
03/02/1987,0,20,11
04/02/1987,0,21,7
05/02/1987,0,22,8
06/02/1987,0,27,6
07/02/1987,0,26,5
08/02/1987,0,25,-4
09/02/1987,0,22,-2
10/02/1987,0,21,2
11/02/1987,0,21,5
12/02/1987,0,20,7
13/02/1987,0,22,10
14/02/1987,0,20,10
15/02/1987,0,19,10
16/02/1987,0,20,9
17/02/1987,0,20,10
18/02/1987,0,20,8
19/02/1987,0,21,9
20/02/1987,0,20,10
21/02/1987,0,21,9
22/02/1987,0,21,9
23/02/1987,0,20,10
24/02/1987,0,19,11
25/02/1987,0,20,10
26/02/1987,0,21,11
27/02/1987,0,22,9
28/02/1987,0,21,8
01/03/1987,0,26,10
02/03/1987,0,25,5
03/03/1987,5,26,9
04/03/1987,16,23,2
05/03/1987,0,19, 2.5
06/03/1987,0,20,1
07/03/1987,0,19,6
08/03/1987,0,20,9
09/03/1987,0,18,8
10/03/1987,2,21,10
11/03/1987,3,19,10
12/03/1987,3,19,8
13/03/1987,0,17,9
14/03/1987,0,18,9
15/03/1987,0,17,10
16/03/1987,0,18,10
17/03/1987,0,17,8
18/03/1987,0,18,7
19/03/1987,0,29,7
20/03/1987,0,27,11
21/03/1987,0,28,6
22/03/1987,0,30,7
23/03/1987,0,30,10
24/03/1987,0,30,7
25/03/1987,0,30,8
26/03/1987,0,29,10
27/03/1987,0,30,7
28/03/1987,0,30,9
29/03/1987,0,20,10
30/03/1987,0,29,11
31/03/1987,0,29,10
01/04/1987,0,23,10
02/04/1987,0,21,6
03/04/1987,0,25,8
04/04/1987,0,28,7
05/04/1987,0,27,7
06/04/1987,0,22,10
07/04/1987,0,26,9
08/04/1987,7,25,8
09/04/1987,0,27,7
10/04/1987,0,28,6
11/04/1987,0,30,7
12/04/1987,0,28,8
13/04/1987,0,27,10
14/04/1987,0,24,9
15/04/1987,0,28,9
16/04/1987,0,23,7
17/04/1987,0,28,6
18/04/1987,0,25,7
19/04/1987,0,24,7
20/04/1987,0,21,6
21/04/1987,0,20,6
22/04/1987,0,27,6
23/04/1987,0,25,8
24/04/1987,0,26,9
25/04/1987,0,18,10
26/04/1987,0,17,6
27/04/1987,0,20,7
28/04/1987,0,16,11
29/04/1987,0,27,4
30/04/1987,0,25,9
01/05/1987,0,26,11
02/05/1987,0,30,7
03/05/1987,0,29,9
04/05/1987,0,27,12
05/05/1987,0,23,11
06/05/1987,0,21,10
07/05/1987,0,25,9
08/05/1987,0,24,9
09/05/1987,0,22,8
10/05/1987,0,19,9
11/05/1987,0,22,9
12/05/1987,0,20,10
13/05/1987,0,22,9
14/05/1987,0,24,11
15/05/1987,0,23,7
16/05/1987,0,23,9
17/05/1987,0,24,10
18/05/1987,0,25,11
19/05/1987,0,26,9
20/05/1987,0,30,7
21/05/1987,0,23,5
22/05/1987,0,23,7
23/05/1987,0,25,6
24/05/1987,0,27,7
25/05/1987,0,24,9
26/05/1987,0,23,7
27/05/1987,0,23,8
28/05/1987,0,25,7
29/05/1987,2,20,7
30/05/1987,3,22,7
31/05/1987,19,20,9
01/06/1987,3,21,8
02/06/1987,0,20,8
03/06/1987,15,20,7
04/06/1987,12,25,10
05/06/1987,0,30,8
06/06/1987,0,25,7
07/06/1987,0,20,9
08/06/1987,0,18,8
09/06/1987,0,21,6
10/06/1987,0,20,7
11/06/1987,1,24,7
12/06/1987,0,20,9
13/06/1987,0,19,8
14/06/1987,5,20,6
15/06/1987,10,25,7
16/06/1987,25,19,8
17/06/1987,1,19,9
18/06/1987,3,20,6
19/06/1987,4,20,7
20/06/1987, 0.3,19,6
21/06/1987,0,18,10
22/06/1987,0,21,9
23/06/1987,0,20,11
24/06/1987,0,20,9
25/06/1987,0,19,10
26/06/1987,7,20,8
27/06/1987,3,21,10
28/06/1987,0,20,9
29/06/1987,0,21,10
30/06/1987,2,18,10
01/07/1987,0,18,9
02/07/1987,1,19,9
03/07/1987,10,18,8
04/07/1987,10,19,9
05/07/1987,28,17,10
06/07/1987,17,17,10
07/07/1987,30,19,7
08/07/1987,15,18,8
09/07/1987,54,18,6
10/07/1987,42,19,5
11/07/1987,35,17,7
12/07/1987,15,18,8
13/07/1987,31,17,9
14/07/1987,20,19,6
15/07/1987,1,20,9
16/07/1987,0,21,9
17/07/1987,10,18,12
18/07/1987,29,19,8
19/07/1987,25,22,7
20/07/1987,0,21,9
21/07/1987,0,19,9
22/07/1987,4,18,11
23/07/1987,1,19,9
24/07/1987,0,20,9
25/07/1987,1,22,10
26/07/1987,0,20,11
27/07/1987,0,20,10
28/07/1987,10,19,9
29/07/1987,8,18,9
30/07/1987,4,17,11
31/07/1987,1,21,10
01/08/1987,0,25,10
02/08/1987,0,25,7
03/08/1987,0,24,7
04/08/1987,0,24,8
05/08/1987,0,24,8
06/08/1987,0,21,7
07/08/1987,0,23,9
08/08/1987,0,22,7
09/08/1987,0,24,9
10/08/1987,0,26,8
11/08/1987,0,23,6
12/08/1987,0,24,8
13/08/1987,0,25,7
14/08/1987,0,27,6
15/08/1987,0,30,5
16/08/1987,0,28,8
17/08/1987,0,25,9
18/08/1987,0,25,9
19/08/1987,0,20,8
20/08/1987,1,18,9
21/08/1987,2,21,8
22/08/1987,20,22,10
23/08/1987,0,24,10
24/08/1987,0,25,8
25/08/1987,0,25,7
26/08/1987,0,23,9
27/08/1987,0,22,10
28/08/1987,0,22,11
29/08/1987,0,23,10
30/08/1987,0,22,9
31/08/1987,0,22,11
01/09/1987,0,23,9
02/09/1987,0,20,8
03/09/1987,0,22,9
04/09/1987,0,19,9
05/09/1987,0,23,8
06/09/1987,0,20,10
07/09/1987,0,21,9
08/09/1987,0,22,8
09/09/1987,0,25,8
10/09/1987,0,21,7
11/09/1987,5,20,8
12/09/1987,5,19,9
13/09/1987,3,25,8
14/09/1987,0,26,7
15/09/1987,0,25,7
16/09/1987,0,20,8
17/09/1987,0,24,9
18/09/1987,0,21,9
19/09/1987,19,25,10
20/09/1987,17,20,10
21/09/1987,7,20,11
22/09/1987,18,26,11
23/09/1987, 45.5,25,8
24/09/1987,5,24,9
25/09/1987,0,27,10
26/09/1987, 17.5,27,10
27/09/1987,1,30,11
28/09/1987,0,24,10
29/09/1987,18,25,11
30/09/1987, 11.6,15,11
01/10/1987,0,17,5
02/10/1987,0,19,5
03/10/1987,0,19,7
04/10/1987,0,17,5
05/10/1987,0,21,6
06/10/1987,3,19,5
07/10/1987,0,20,5
08/10/1987,0,21,6
09/10/1987,0,21,5
10/10/1987,0,23,4
11/10/1987,0,25,4
12/10/1987,0,27,5
13/10/1987,0,20, 2.5
14/10/1987,0,25,5
15/10/1987,10,26,6
16/10/1987,10,24,2
17/10/1987,0,23,1
18/10/1987,0,20,2
19/10/1987,0,20,5
20/10/1987,0,21,6
21/10/1987,0,21,6
22/10/1987,0,23,5
23/10/1987,0,25,2
24/10/1987,0,23,3
25/10/1987,0,25,6
26/10/1987,0,20,7
27/10/1987,0,21,6
28/10/1987,0,26, 2.5
29/10/1987,0,19,4
30/10/1987,0,20,6
31/10/1987,0,21,5
01/11/1987,0,20,6
02/11/1987,0,19,5
03/11/1987,0,22,6
04/11/1987,0,25,7
05/11/1987,0,23,11
06/11/1987,0,21,10
07/11/1987,0,20,7
08/11/1987,0,22,7
09/11/1987,17,25,5
10/11/1987,5,20,1
11/11/1987,3,26,5
12/11/1987,0,25,7
13/11/1987,0,25,8
14/11/1987,0,28,6
15/11/1987,0,27,6
16/11/1987,0,25,7
17/11/1987,2,26,4
18/11/1987,0,24,5
19/11/1987, 18.3,21,4
20/11/1987,2,18,5
21/11/1987,0,21,6
22/11/1987,0,22,4
23/11/1987,0,22,4
24/11/1987,0,23,6
25/11/1987,0,25,5
26/11/1987,0,27,6
27/11/1987,0,26,8
28/11/1987,2,20,5
29/11/1987,0,24,7
30/11/1987,0,25,7
01/01/1988,0,13,4
02/01/1988,0,18,3
03/01/1988,0,21,5
04/01/1988,0,16,3
05/01/1988,1,18,2
06/01/1988,0,18,4
07/01/1988,0,20,5
08/01/1988,0,21,6
09/01/1988,0,24,5
10/01/1988,0,22,4
11/01/1988,0,22,6
12/01/1988,0,21,5
13/01/1988,0,23,5
14/01/1988,0,20,6
15/01/1988,2,22,6
16/01/1988,0,21,9
17/01/1988,0,24,7
18/01/1988,0,22,7
19/01/1988,0,23,6
20/01/1988,0,25,7
21/01/1988,0,29,6
22/01/1988,0,29,10
23/01/1988,0,25,2
24/01/1988,3,25,2
25/01/1988,1,14,2
26/01/1988, 0.3,15,-1
27/01/1988, 2.1,17,-2
28/01/1988,0,20,2
29/01/1988,0,25,4
30/01/1988,0,26,7
31/01/1988,0,25,8
01/02/1988,0,25,10
02/02/1988,0,26,11
03/02/1988,0,25,10
04/02/1988,0,19,11
05/02/1988,0,19,5
06/02/1988,0,20,4
07/02/1988,0,19,4
08/02/1988,0,20,5
09/02/1988,3,18,5
10/02/1988,2,15,5
11/02/1988,0,20,7
12/02/1988,0,23,5
13/02/1988,5,20,10
14/02/1988,0,19,7
15/02/1988,0,20,4
16/02/1988,0,22,4
17/02/1988,0,21,5
18/02/1988,0,19,5
19/02/1988,2,21,4
20/02/1988,0,19,5
21/02/1988, 1.2,20,4
22/02/1988,0,25,6
23/02/1988,0,22,7
24/02/1988,0,24,7
25/02/1988,0,20,9
26/02/1988,0,24,5
27/02/1988,0,25,7
28/02/1988,0,24,7
29/02/1988,0,18,6
01/03/1988,0,19,5
02/03/1988,0,21,6
03/03/1988,0,22,4
04/03/1988,0,18,5
05/03/1988,0,26,3
06/03/1988,0,22,7
07/03/1988,0,23,6
08/03/1988,3,22,5
09/03/1988,0,24,4
10/03/1988,0,21,6
11/03/1988,0,23,6
12/03/1988,0,20,5
13/03/1988,0,17,10
14/03/1988, 2.1,19,2
15/03/1988,0,20,6
16/03/1988,0,25,5
17/03/1988,0,23,8
18/03/1988,1,19,2
19/03/1988, 2.1,18,-2
20/03/1988,0,24,1
21/03/1988,0,26,9
22/03/1988,0,25,9
23/03/1988,0,25,6
24/03/1988,0,26,6
25/03/1988,0,20,7
26/03/1988,0, 20.5,6
27/03/1988,0,22,6
28/03/1988,0,21,7
29/03/1988,0,19,6
30/03/1988,1,20,4
31/03/1988,1,23,7
01/04/1988,0,24,6
02/04/1988,0,19,7
03/04/1988, 2.3,18,7
04/04/1988,0,21,5
05/04/1988,0,19,6
06/04/1988,0,17,5
07/04/1988, 21.3,20,5
08/04/1988, 20.7,23,6
09/04/1988,0,28,8
10/04/1988,0,21,8
11/04/1988,0,18,5
12/04/1988, 1.2,25,3
13/04/1988,0,22,3
14/04/1988,0,19,3
15/04/1988,0,22,6
16/04/1988,0,28,7
17/04/1988,0,20,9
18/04/1988,0,24,5
19/04/1988,7,25,8
20/04/1988,0,23,7
21/04/1988,0,22,6
22/04/1988,0,20,6
23/04/1988,0,21,5
24/04/1988,0,22,7
25/04/1988,0,20,5
26/04/1988,0,21,5
27/04/1988,0,19,6
28/04/1988,0,19,5
29/04/1988,0,20,5
30/04/1988,3,21,7
01/05/1988,3,21,7
02/05/1988,0,19,5
03/05/1988,0,22,6
04/05/1988,0,22,6
05/05/1988,0,25,5
06/05/1988,0,23,5
07/05/1988,0,21,6
08/05/1988,0,21,5
09/05/1988,0,22,6
10/05/1988,0,28,6
11/05/1988,0,26,8
12/05/1988, 23.2,25,7
13/05/1988,0,19,6
14/05/1988,6,19,5
15/05/1988,3,25,5
16/05/1988,2,22,6
17/05/1988,0,23,5
18/05/1988,0,22,7
19/05/1988,0,21,7
20/05/1988,0,19,6
21/05/1988,0,18,6
22/05/1988,0,20,5
23/05/1988,0,20,6
24/05/1988,0,25,4
25/05/1988,0,25,7
26/05/1988,0,22,8
27/05/1988,0,22,7
28/05/1988,0,23,6
29/05/1988,0,25,7
30/05/1988,0,24,8
31/05/1988,0,22,7
01/06/1988,0,21,8
02/06/1988,0,20,6
03/06/1988,7,19,6
04/06/1988,0,20,5
05/06/1988,0,22,5
06/06/1988,0,20,6
07/06/1988,0,19,5
08/06/1988,0,20,6
09/06/1988,0,25,7
10/06/1988,3,20,6
11/06/1988,0,21,5
12/06/1988,0,20,6
13/06/1988,0,22,5
14/06/1988,33,19,6
15/06/1988,27,16,5
16/06/1988, 20.1,18,6
17/06/1988, 5.7,17,6
18/06/1988, 16.3,20,5
19/06/1988,0, 26.6,7
20/06/1988,0,20,6
21/06/1988,0,21,5
22/06/1988,0,22,6
23/06/1988,0,20,5
24/06/1988,3,23,6
25/06/1988,1,22,6
26/06/1988,3,21,5
27/06/1988,0,22,6
28/06/1988,0,20,6
29/06/1988,0,20,5
30/06/1988,0,25,7
01/07/1988,0,23,6
02/07/1988,0,28,7
03/07/1988,0,25,9
04/07/1988,0,21,8
05/07/1988,0,22,6
06/07/1988, 1.6,20,6
07/07/1988,0,23,4
08/07/1988,2,19,5
09/07/1988,0,18,3
10/07/1988,0,19,5
11/07/1988,0,22,4
12/07/1988,0,19,6
13/07/1988,7,14,6
14/07/1988,8,21,4
15/07/1988,5,20,4
16/07/1988,2,22,3
17/07/1988, 25.3,20,4
18/07/1988,5,22,4
19/07/1988,4,21,5
20/07/1988,2,23,6
21/07/1988, 13.6,19,3
22/07/1988, 10.8,20,5
23/07/1988, 15.6,24,6
24/07/1988, 13.2,25,7
25/07/1988,0,25,6
26/07/1988,0,24,7
27/07/1988,0,26,7
28/07/1988, 4.1,22,6
29/07/1988,1,21,6
30/07/1988,3,23,4
31/07/1988,2,25,6
01/08/1988,0,26,9
02/08/1988,5,28,7
03/08/1988,0,25,9
04/08/1988,0,26,8
05/08/1988,0,25,9
06/08/1988,0,24,8
07/08/1988,0,26,10
08/08/1988,0,25,9
09/08/1988, 3.1,23,10
10/08/1988, 19.2,22,8
11/08/1988, 21.2,22,9
12/08/1988, 24.9,24,6
13/08/1988, 32.6,20,6
14/08/1988, 28.4,24,7
15/08/1988, 25.2,22,8
16/08/1988, 26.5,23,7
17/08/1988, 18.3,21,8
18/08/1988, 22.5,22,9
19/08/1988,8,23,10
20/08/1988,5,22,11
21/08/1988, 11.3,20,8
22/08/1988, 10.2,18,6
23/08/1988, 2.1,26,4
24/08/1988, 3.2,21,10
25/08/1988,0,26,9
26/08/1988,1,24,8
27/08/1988,2,23,7
28/08/1988, 3.2,21,8
29/08/1988,1,19,9
30/08/1988, 19.5,20,7
31/08/1988, 16.3,21,9
01/09/1988, 37.3,23,9
02/09/1988, 58.2,19,11
03/09/1988, 80.1,21,8
04/09/1988, 90.9,20,9
05/09/1988, 8.6,15,9
06/09/1988,0,19,7
07/09/1988,0,20,5
08/09/1988,0,19,4
09/09/1988,0,18,5
10/09/1988,0,19,3
11/09/1988,0,20,2
12/09/1988, 3.2,19,4
13/09/1988, 10.3,21,2
14/09/1988,0,20,5
15/09/1988,1,19,9
16/09/1988,0,20,5
17/09/1988,0,21,6
18/09/1988,0,25,5
19/09/1988,0,25,7
20/09/1988, 2.6,21,8
21/09/1988,0,25,5
22/09/1988,0,22,7
23/09/1988,0,20,5
24/09/1988,0,25,6
25/09/1988,3,23,8
26/09/1988, 3.2,22,7
27/09/1988,0,26,5
28/09/1988,0,19,8
29/09/1988,0,19,5
30/09/1988, 2.9,21,3
01/10/1988, 3.6,20,6
02/10/1988,3,19,5
03/10/1988,8,21,3
04/10/1988, 2.1,14,4
05/10/1988, 0.3,16,3
06/10/1988, 3.1,19,5
07/10/1988,2,20,3
08/10/1988,0,19,5
09/10/1988, 14.8,19,5
10/10/1988,6,16,4
11/10/1988,0,19,5
12/10/1988, 16.2,19,5
13/10/1988, 0.1,21,7
14/10/1988,0,19,6
15/10/1988,0,22,5
16/10/1988,3,25,6
17/10/1988, 0.2,15,3
18/10/1988, 0.1,20,3
19/10/1988,0,26,7
20/10/1988,0,25, 8.8
21/10/1988,0,27,7
22/10/1988,0,25,7
23/10/1988,0,24,6
24/10/1988, 0.1,25,6
25/10/1988,0,24,6
26/10/1988,0,24,6
27/10/1988,0,28,6
28/10/1988,0,26,10
29/10/1988,9,24,7
30/10/1988, 11.2,20,7
31/10/1988,0,21,5
01/11/1988, 0.4,15,4
02/11/1988, 0.1,16,1
03/11/1988,0,18,3
04/11/1988, 0.1,19,4
05/11/1988,0,20,3
06/11/1988,0,21,4
07/11/1988,0,24,5
08/11/1988,0,25,5
09/11/1988,0,28,3
10/11/1988, 0.1,18,6
11/11/1988,0,19,1
12/11/1988,0,20,2
13/11/1988,0,25,3
14/11/1988,0,22,5
15/11/1988,0,23,1
16/11/1988,0,20,4
17/11/1988,0,21,5
18/11/1988,0,19,5
19/11/1988,0,15,6
20/11/1988,0,18,1
21/11/1988,0,19,3
22/11/1988,0,26,2
23/11/1988,0,20,3
24/11/1988,0,26,5
25/11/1988,0,23,6
26/11/1988,0,20,5
27/11/1988, 0.2,25,6
28/11/1988,0,26,5
29/11/1988, 0.5,19,7
30/11/1988, 0.1,19,3
01/12/1988, 20.1,20,2
02/12/1988, 6.5,24,1
03/12/1988,10,24,3
04/12/1988,6,25,4
05/12/1988, 3.2,20,1
06/12/1988,0,19,2
07/12/1988,0,21,4
08/12/1988, 0.1,24,4
09/12/1988, 3.2,21,4
10/12/1988, 2.1,20,5
11/12/1988, 0.1,20,6
12/12/1988,0,23,3
13/12/1988,0,26,5
14/12/1988,0,25,5
15/12/1988,0,18,6
16/12/1988, 2.3,18,3
17/12/1988,2,19,2
18/12/1988,0,20,2
19/12/1988,0,23,4
20/12/1988,0,21,5
21/12/1988,0,25,3
22/12/1988,0,22,5
23/12/1988,0,26,4
24/12/1988,0,25,3
25/12/1988,1,23,3
26/12/1988,0,21,3
27/12/1988,0,23,4
28/12/1988, 2.5,25,5
29/12/1988,0,24,5
30/12/1988,0,24,6
31/12/1988,0,26,7
01/01/1989,0,23,6
02/01/1989, 2.1,21,5
03/01/1989, 1.6,17,5
04/01/1989, 0.4,23,6
05/01/1989,0,25,3
06/01/1989,0,26,8
07/01/1989,0,25,7
08/01/1989,0,24,7
09/01/1989,0,17,8
10/01/1989,0,18,4
11/01/1989,0,25,5
12/01/1989,0,23,7
13/01/1989, 0.1,16,4
14/01/1989,0,25,2
15/01/1989,0,20,7
16/01/1989,0,17,3
17/01/1989, 0.3,16,4
18/01/1989,0,19,4
19/01/1989,0,20,4
20/01/1989,16,15,6
21/01/1989,2,16,3
22/01/1989,0,17,4
23/01/1989,0,19,7
24/01/1989,0,11,7
25/01/1989,0,21,7
26/01/1989,0,28,6
27/01/1989,0,17,7
28/01/1989,0,20,6
29/01/1989,0,19,4
30/01/1989,0,18,6
31/01/1989,0,16,8
01/02/1989,0,23,8
02/02/1989,0,22,9
03/02/1989,0,25,7
04/02/1989,0,22,8
05/02/1989,0,20,7
06/02/1989,0,20,6
07/02/1989,0,17,5
08/02/1989,3,15,5
09/02/1989, 11.6,17,5
10/02/1989, 13.8,13,2
11/02/1989,0,15,5
12/02/1989,0,20,3
13/02/1989,0,28,5
14/02/1989,0,25,7
15/02/1989,0,23,6
16/02/1989, 2.6,18,5
17/02/1989,2,19,6
18/02/1989,7,25,5
19/02/1989,0,20,7
20/02/1989,0,23,5
21/02/1989,7,15,6
22/02/1989, 1.2,10,4
23/02/1989,0,16, 0.5
24/02/1989,0,18,1
25/02/1989,0,20,2
26/02/1989,0,25,2
27/02/1989,0,26,7
28/02/1989,0,25,8
01/03/1989,0,27,9
02/03/1989,0,29,8
03/03/1989,0,25,9
04/03/1989,0,20,8
05/03/1989,1,9,5
06/03/1989,0,13, 0.5
07/03/1989,0,17,2
08/03/1989,0,16,2
09/03/1989,0,17,-1
10/03/1989,0,19,-3
11/03/1989,0,23,4
12/03/1989,0,22,3
13/03/1989,0,23,2
14/03/1989,0,26,2
15/03/1989,0,25,7
16/03/1989,0,22,6
17/03/1989,0,22,7
18/03/1989,0,19,6
19/03/1989,0,22,5
20/03/1989,6,25,6
21/03/1989,3,23,8
22/03/1989,0,25,5
23/03/1989,0,22,6
24/03/1989,0,20,5
25/03/1989,10,25,6
26/03/1989,0,23,6
27/03/1989,9,23,7
28/03/1989,0,25,7
29/03/1989,0,25,8
30/03/1989,0,24,9
31/03/1989,0,27,8
01/04/1989,0,26,10
02/04/1989,0,24,9
03/04/1989,0,24,10
04/04/1989,0,25,5
05/04/1989, 14.3,20,8
06/04/1989,0,25,4
07/04/1989,0,21,7
08/04/1989,0,24,5
09/04/1989,0,24,8
10/04/1989,15,19,9
11/04/1989, 0.3,22,5
12/04/1989, 1.5,24,7
13/04/1989, 10.4,19,8
14/04/1989,9,18,7
15/04/1989,4,20,6
16/04/1989,0,21,6
17/04/1989,0,22,7
18/04/1989,0,25,7
19/04/1989,0,27,8
20/04/1989,0,20,9
21/04/1989,0,22,4
22/04/1989,0,23,6
23/04/1989,0,25,7
24/04/1989,0,19,9
25/04/1989,0,18,5
26/04/1989,0,25,4
27/04/1989,0,23,5
28/04/1989,0,22,7
29/04/1989,0,25,6
30/04/1989, 0.1,22,7
01/05/1989,0,25,8
02/05/1989,0,24,9
03/05/1989,0,23,8
04/05/1989,0,26,8
05/05/1989,0,24,8
06/05/1989,0,25,7
07/05/1989,0,25,9
08/05/1989,0,24,9
09/05/1989,0,26,8
10/05/1989,0,25,9
11/05/1989,0,26,8
12/05/1989,0,24,9
13/05/1989,0,26,8
14/05/1989,0,28,8
15/05/1989,0,26,9
16/05/1989,0,27,10
17/05/1989,0,28,11
18/05/1989,0,27,10
19/05/1989,0,25,10
20/05/1989,0,26,11
21/05/1989,0,24,10
22/05/1989,0,22,10
23/05/1989,0,23,8
24/05/1989,0,24,8
25/05/1989,0,22,9
26/05/1989, 11.5,19,8
27/05/1989, 24.2,19,6
28/05/1989, 3.2,21,5
29/05/1989,0,20,5
30/05/1989,0,22,6
31/05/1989,0,22,6
01/06/1989, 37.3,23,10
02/06/1989,0,22,11
03/06/1989,0,19,6
04/06/1989,0,23,6
05/06/1989,0,23,8
06/06/1989,0,25,8
07/06/1989,0,27,10
08/06/1989,0,29,11
09/06/1989,0,28,11
10/06/1989,0,24,11
11/06/1989,0,24,10
12/06/1989,0,23,10
13/06/1989,0,20,9
14/06/1989,5,21,8
15/06/1989, 8.9,20,8
16/06/1989, 9.6,19,6
17/06/1989, 10.6,18,5
18/06/1989, 18.8,18,6
19/06/1989, 20.7,19,6
20/06/1989,17,19,6
21/06/1989,9,18,5
22/06/1989,0,23,6
23/06/1989, 0.1,22,7
24/06/1989, 2.1,21,6
25/06/1989, 9.2,20,7
26/06/1989, 17.3,22,6
27/06/1989, 25.5,24,8
28/06/1989, 21.6,20,9
29/06/1989, 17.8,21,9
30/06/1989, 23.5,23,8
01/07/1989, 3.5,22,10
02/07/1989,7,25,8
03/07/1989,0,20,9
04/07/1989, 1.2,23,9
05/07/1989, 4.8,20,9
06/07/1989, 31.3,18,9
07/07/1989, 10.5,19,8
08/07/1989, 5.2,20,7
09/07/1989,0,25,7
10/07/1989, 6.7,20,7
11/07/1989, 29.6,18,11
12/07/1989, 16.2,15,9
13/07/1989, 3.1,18,7
14/07/1989,0,20,6
15/07/1989,0,22,8
16/07/1989,0,24,9
17/07/1989,0,25,9
18/07/1989,0,26,9
19/07/1989,0,23,9
20/07/1989,0,22,9
21/07/1989,0,21,8
22/07/1989,0,21,7
23/07/1989,0,20,10
24/07/1989, 0.5,20,10
25/07/1989,10,18,11
26/07/1989, 24.5,17,10
27/07/1989, 36.6,16,9
28/07/1989,15,17,9
29/07/1989, 3.1,18,9
30/07/1989,3,19,9
31/07/1989, 0.1,20,10
01/08/1989, 0.2,21,8
02/08/1989, 0.2,25,9
03/08/1989, 10.5,21,7
04/08/1989, 0.5,16,9
05/08/1989, 12.6,21,8
06/08/1989,0,23,9
07/08/1989,0,20,10
08/08/1989, 11.5,23,10
09/08/1989,11,20,9
10/08/1989, 1.5,19,8
11/08/1989,0,20,8
12/08/1989,0,20,8
13/08/1989,10,21,9
14/08/1989,0,21,7
15/08/1989,0,20,9
16/08/1989,0,21,8
17/08/1989, 6.5,21,7
18/08/1989,8,20,10
19/08/1989,0,23,6
20/08/1989,0,24,7
21/08/1989,0,24,9
22/08/1989,4,23,9
23/08/1989, 1.5,20,10
24/08/1989,0,21,9
25/08/1989,2,20,7
26/08/1989,11,24,7
27/08/1989,0,23,8
28/08/1989,10,22,7
29/08/1989,8,24,8
30/08/1989,10,25,10
31/08/1989,4,25,11
01/09/1989,0,25,8
02/09/1989,0,25,9
03/09/1989,0,24,7
04/09/1989,0,22,10
05/09/1989,21,21,11
06/09/1989, 16.2,24,9
07/09/1989, 13.1,18,10
08/09/1989,20,20,7
09/09/1989, 9.7,20,10
10/09/1989, 14.7,20,11
11/09/1989,0,20,9
12/09/1989,1,20,9
13/09/1989,3,21,9
14/09/1989,0,21,10
15/09/1989,0,20,9
16/09/1989,0,20,11
17/09/1989,0,21,10
18/09/1989,0,21,9
19/09/1989,0,20,8
20/09/1989,0,19,8
21/09/1989,0,20,7
22/09/1989,10,19,8
23/09/1989,0,20,8
24/09/1989,20,21,9
25/09/1989,0,20,10
26/09/1989,0,19,9
27/09/1989,0,20,10
28/09/1989,0,19,10
29/09/1989,0,19,9
30/09/1989,0,17,9
01/10/1989,0,20,6
02/10/1989,3,22,5
03/10/1989,0,24,5
04/10/1989,3,21,4
05/10/1989,0,21,6
06/10/1989,0,22,5
07/10/1989,0,21,5
08/10/1989,0,20,6
09/10/1989,0,19,5
10/10/1989, 7.6,18,6
11/10/1989, 10.9,19,7
12/10/1989, 5.7,23,6
13/10/1989,0,22,5
14/10/1989,0,23,6
15/10/1989,0,24,6
16/10/1989,0,25,7
17/10/1989,0,19,6
18/10/1989,0,19,5
19/10/1989,0,20,5
20/10/1989,0,19,5
21/10/1989,0,21,5
22/10/1989,0,17,6
23/10/1989, 3.5,18,7
24/10/1989,0,19,5
25/10/1989,0,22,6
26/10/1989,0,20,7
27/10/1989,0,18,6
28/10/1989,1,22,5
29/10/1989,0,22,6
30/10/1989,0,21,5
31/10/1989, 1.5,19,5
01/11/1989,0,19,8
02/11/1989,0,21,6
03/11/1989,0,25,5
04/11/1989,0,24,3
05/11/1989,0,24,4
06/11/1989,0,25,7
07/11/1989,0,23,5
08/11/1989,0,21,3
09/11/1989,0,19,5
10/11/1989,10,18,4
11/11/1989,0,23,3
12/11/1989, 40.1,20,7
13/11/1989,0,19,4
14/11/1989,0,23,5
15/11/1989,4,18,7
16/11/1989,15,20,3
17/11/1989,0,21,5
18/11/1989,0,19,5
19/11/1989,0,19,6
20/11/1989,0,22,3
21/11/1989,0,24,5
22/11/1989,0,23,4
23/11/1989,9,21,5
24/11/1989,3,24,3
25/11/1989,0,25,4
26/11/1989,0,21,5
27/11/1989,0,22,6
28/11/1989,3,20,5
29/11/1989,0,18,3
30/11/1989,5,19,5
01/12/1989,0,19,6
02/12/1989,0,20,5
03/12/1989,0,20,5
04/12/1989,0,20,6
05/12/1989,0,15,4
06/12/1989, 1.1,20,3
07/12/1989, 2.5,23,4
08/12/1989, 2.1,22,5
09/12/1989,0,21,5
10/12/1989,0,20,5
11/12/1989,0,19,6
12/12/1989,0,19,5
13/12/1989,0,20,6
14/12/1989,0,21,6
15/12/1989,0,22,5
16/12/1989,0,24,5
17/12/1989,0,22,6
18/12/1989,0,25,5
19/12/1989,0,26,6
20/12/1989,0,21,7
21/12/1989,0,17,5
22/12/1989, 2.1,13,4
23/12/1989,0,13,1
24/12/1989,0,15, 0.5
25/12/1989,0,15, 0.5
26/12/1989,0,18, 0.5
27/12/1989,0,19,1
28/12/1989,0,20,1
29/12/1989,0,25,2
30/12/1989,0,24,3
31/12/1989,1,19,5
01/01/1990, 1.5,19,6
02/01/1990, 0.7,18,6
03/01/1990,0,18,6
04/01/1990,0,17,7
05/01/1990, 2.3,18,6
06/01/1990,0,18,6
07/01/1990,0,21,5
08/01/1990,0,20,6
09/01/1990,0,21,5
10/01/1990,0,23,5
11/01/1990,0,19,5
12/01/1990, 1.1,19,6
13/01/1990, 2.7,18,5
14/01/1990, 0.8,20,6
15/01/1990,0,19,5
16/01/1990,0,19,6
17/01/1990,0,20,5
18/01/1990,0,21,5
19/01/1990,0,22,6
20/01/1990,0,23,7
21/01/1990,0,22,6
22/01/1990,0,22,6
23/01/1990,0,21,5
24/01/1990, 0.5,19,6
25/01/1990,9,23,6
26/01/1990, 4.3,22,5
27/01/1990,0,20,6
28/01/1990,1,19,5
29/01/1990, 2.5,18,4
30/01/1990,0,21,5
31/01/1990,0,23,4
01/02/1990,0,24,4
02/02/1990,0,22,6
03/02/1990,0,23,5
04/02/1990, 20.6,22,4
05/02/1990, 5.4,21,4
06/02/1990,0,22,3
07/02/1990,0,23,5
08/02/1990,0,22,6
09/02/1990,0,19,5
10/02/1990, 1.5,21,4
11/02/1990, 2.6,22,5
12/02/1990,6,21,5
13/02/1990,4,22,4
14/02/1990, 5.3,24,5
15/02/1990, 6.2,23,3
16/02/1990, 5.1,22,5
17/02/1990,3,21,4
18/02/1990, 10.3,17,5
19/02/1990, 7.5,18,5
20/02/1990,20,22,3
21/02/1990, 1.2,21,5
22/02/1990, 5.3,19,4
23/02/1990, 0.2,20,4
24/02/1990, 0.3,18,5
25/02/1990, 0.1,19,4
26/02/1990, 0.3,18,6
27/02/1990, 0.2,21,5
28/02/1990,4,22,5
01/03/1990,0,22,6
02/03/1990,0,20,5
03/03/1990,0,20,4
04/03/1990,10,19,5
05/03/1990,0,20,5
06/03/1990, 10.5,21,4
07/03/1990,0,20,5
08/03/1990,0,19,5
09/03/1990, 9.5,20,5
10/03/1990,0,23,5
11/03/1990,6,21,6
12/03/1990,0,18,5
13/03/1990, 3.2,19,5
14/03/1990,0,21,5
15/03/1990,9,20,6
16/03/1990,0,22,5
17/03/1990,2,19,5
18/03/1990,11,19,6
19/03/1990,0,18,5
20/03/1990,0,20,5
21/03/1990,0,24,6
22/03/1990,0,23,6
23/03/1990, 3.4,20,7
24/03/1990,0,22,5
25/03/1990,0,19,6
26/03/1990,0,22,6
27/03/1990,0,20,7
28/03/1990,0,21,6
29/03/1990,0,22,7
30/03/1990,0,23,6
31/03/1990,0,22,7
01/04/1990,0,23,6
02/04/1990,0,21,6
03/04/1990,0,20,6
04/04/1990,0,21,5
05/04/1990,0,19,6
06/04/1990,0,21,6
07/04/1990,0,20,6
08/04/1990,0,22,6
09/04/1990,0,20,7
10/04/1990,2,19,6
11/04/1990,10,18,6
12/04/1990,2,20,6
13/04/1990, 1.6,22,5
14/04/1990,0,20,5
15/04/1990,0,21,4
16/04/1990,0,19,5
17/04/1990,0,20,5
18/04/1990,0,22,6
19/04/1990,0,19,7
20/04/1990,6,20,6
21/04/1990,0,21,5
22/04/1990,10,20,7
23/04/1990,5,19,6
24/04/1990,0,20,6
25/04/1990,0,22,5
26/04/1990,0,23,6
27/04/1990,0,23,7
28/04/1990,0,24,7
29/04/1990,8,25,4
30/04/1990,0,24,3
01/05/1990,0,21,0
02/05/1990,7,18,5
03/05/1990,5,17,5
04/05/1990,10,18,5
05/05/1990,5,19,6
06/05/1990,2,20,6
07/05/1990,0,20,5
08/05/1990,0,21,6
09/05/1990,0,23,6
10/05/1990,0,24,7
11/05/1990,2,23,7
12/05/1990,0,25,6
13/05/1990,0,23,7
14/05/1990,0,22,6
15/05/1990,0,19,5
16/05/1990,2,20,4
17/05/1990,0,22,5
18/05/1990,0,25,6
19/05/1990,0,24,7
20/05/1990,0,22,6
21/05/1990,0,24,5
22/05/1990,0,26,6
23/05/1990,0,23,7
24/05/1990,0,25,6
25/05/1990,0,26,7
26/05/1990,0,26,7
27/05/1990,3,26,7
28/05/1990,0,25,8
29/05/1990,0,24,7
30/05/1990,0,26,7
31/05/1990,0,22,8
01/06/1990,0,19,4
02/06/1990,0,18,5
03/06/1990,0,19,4
04/06/1990,0,20,5
05/06/1990,0,22,6
06/06/1990,0,22,6
07/06/1990,0,21,6
08/06/1990,0,20,5
09/06/1990,0,21,5
10/06/1990, 10.6,19,9
11/06/1990,0,20,4
12/06/1990,0,19,6
13/06/1990,0,18,5
14/06/1990, 5.2,19,5
15/06/1990,0,20,5
16/06/1990,0,20,4
17/06/1990,0,19,5
18/06/1990,0,20,4
19/06/1990, 5.2,18,5
20/06/1990,2,22,6
21/06/1990,2,21,4
22/06/1990, 10.2,18,5
23/06/1990,6,19,4
24/06/1990,5,17,4
25/06/1990, 6.3,18,5
26/06/1990, 5.2,18,5
27/06/1990, 5.8,19,5
28/06/1990, 6.7,16,4
29/06/1990, 7.9,18,6
30/06/1990,6,18,5
04/09/1990, 9.7,28,0
05/09/1990, 14.6,28,16
06/09/1990, 8.1,25,16
07/09/1990, 8.9,24,15
08/09/1990, 6.2,23,15
09/09/1990, 4.2,23,15
10/09/1990,5,23,15
11/09/1990, 4.6,19,15
12/09/1990,35,19,13
13/09/1990, 0.4,25,13
14/09/1990, 2.1,23,12
15/09/1990, 0.6,22,10
16/09/1990, 1.2,18,11
17/09/1990, 14.7,17,13
18/09/1990, 0.2,19,12
19/09/1990,0,19,10
20/09/1990, 4.2,19,13
21/09/1990, 6.1,19,12
22/09/1990,30,17,11
23/09/1990, 18.4,15,12
24/09/1990, 1.1,16,12
25/09/1990, 0.3,16,12
26/09/1990, 5.8,18,10
27/09/1990, 13.4,18,11
28/09/1990, 1.3,18,9
29/09/1990, 0.2,18,9
30/09/1990, 0.1,18,8
01/10/1990, 2.1,18,8
02/10/1990,0,19,8
03/10/1990, 0.1,22,12
04/10/1990, 14.1,18,12
05/10/1990, 61.3,17,11
06/10/1990, 0.1,16,9
07/10/1990, 0.1,19,8
08/10/1990, 0.1,20,9
09/10/1990, 27.3,19,10
10/10/1990, 0.4,19,10
11/10/1990, 0.2,16,10
12/10/1990, 0.5,19,9
13/10/1990, 0.2,19,12
14/10/1990,0,20,11
15/10/1990, 0.4,18,9
16/10/1990, 0.2,19,11
17/10/1990, 0.4,17,11
18/10/1990, 44.6,16,12
19/10/1990, 13.5,13,11
20/10/1990, 3.3,13,9
21/10/1990, 7.2,20,8
22/10/1990, 0.3,19,9
23/10/1990, 0.1,19,11
24/10/1990, 23.8,19,10
25/10/1990, 0.3,9,7
26/10/1990,0,12,7
27/10/1990, 3.5,12,7
28/10/1990,12,12,7
29/10/1990, 1.5,10,4
30/10/1990, 0.1,13,7
31/10/1990, 2.5,13,7
01/11/1990,0,15,9
02/11/1990,0,17,7
03/11/1990,0,17,10
04/11/1990, 6.6,20,9
05/11/1990, 0.1,16,9
06/11/1990,0,21,8
07/11/1990,0,20,11
08/11/1990, 0.9,18,11
09/11/1990,2,15,11
10/11/1990,0,14,3
11/11/1990, 0.1,12,2
12/11/1990,0,12,0
13/11/1990, 0.9,12,4
14/11/1990, 3.7,12, 0.5
15/11/1990, 2.3,13,4
16/11/1990, 23.9,13,4
17/11/1990, 14.2,13,5
18/11/1990, 0.2,14,5
19/11/1990, 0.1,16,7
20/11/1990,0,16,7
21/11/1990,0,22,10
22/11/1990,0,21,8
23/11/1990, 0.3,22,8
24/11/1990,0,17,8
25/11/1990,0,21,8
26/11/1990,0,22,11
27/11/1990,0,23,13
28/11/1990, 33.5,19,11
29/11/1990,52,14,9
30/11/1990, 5.5,9,4
01/12/1990, 0.3,14,6
02/12/1990,0,17,6
03/12/1990, 2.4,15,10
04/12/1990, 0.3,9,2
05/12/1990,0,13,1
06/12/1990,0,19,5
07/12/1990, 1.5,7,6
08/12/1990, 0.1,10,0
09/12/1990,0,10,0
10/12/1990,0,15,2
11/12/1990,0,17,2
12/12/1990,0,21,8
13/12/1990,0,20,7
14/12/1990,0,19,3
15/12/1990,0,19,6
16/12/1990,0,22, 0.5
17/12/1990,0,23,10
18/12/1990,0,24,12
19/12/1990,0,23,12
20/12/1990,0,24,10
21/12/1990,0,26,9
22/12/1990,0,24,9
23/12/1990,1,21,11
24/12/1990, 0.1,11,3
25/12/1990,0,12,2
26/12/1990,0,18,2
27/12/1990, 0.1,16,6
28/12/1990,0,16,4
29/12/1990,0,21,8
30/12/1990, 0.1,21,8
31/12/1990, 2.9,14,9
